lot_id,wafer_id,tool_id,slot,point_id,radius_mm,angle_deg,cd_nm,defect_count,measured_at
LOT-002,LOT-002-W05,PHOTO_B,15,11,45.0,300.0,45.549,2,2026-07-21 03:00:00
LOT-012,LOT-012-W03,PHOTO_C,9,0,0.0,0.0,44.798,0,2026-07-24 09:00:00
LOT-003,LOT-003-W02,PHOTO_C,6,32,120.0,210.0,45.057,1,2026-07-21 08:00:00
LOT-003,LOT-003-W02,PHOTO_C,6,40,142.0,90.0,44.421,2,2026-07-21 08:00:00
LOT-006,LOT-006-W03,PHOTO_C,9,29,120.0,120.0,0.040628,10,2026-07-22 09:00:00
LOT-001,LOT-001-W01,PHOTO_A,3,25,120.0,0.0,44.79,0,2026-07-20 15:00:00
LOT-010,LOT-010-W02,PHOTO_A,6,15,85.0,60.0,45.049,2,2026-07-23 16:00:00
LOT-008,LOT-008-W04,PHOTO_B,12,21,85.0,240.0,45.853,4,2026-07-23 02:00:00
LOT-010,LOT-010-W03,PHOTO_A,9,20,85.0,210.0,44.863,1,2026-07-23 17:00:00
LOT-001,LOT-001-W01,PHOTO_A,3,46,142.0,270.0,44.495,2,2026-07-20 15:00:00
LOT-011,LOT-011-W04,PHOTO_B,12,36,120.0,330.0,46.619,0,2026-07-24 02:00:00
LOT-009,LOT-009-W02,PHOTO_C,6,17,85.0,120.0,44.696,0,2026-07-23 08:00:00
LOT-008,LOT-008-W01,PHOTO_B,3,47,142.0,300.0,44.841,0,2026-07-22 23:00:00
LOT-005,LOT-005-W05,PHOTO_B,15,12,45.0,330.0,44.987,2,2026-07-22 03:00:00
LOT-011,LOT-011-W02,PHOTO_B,6,31,120.0,180.0,45.539,5,2026-07-24 00:00:00
LOT-012,LOT-012-W03,PHOTO_C,9,3,45.0,60.0,44.363,3,2026-07-24 09:00:00
LOT-012,LOT-012-W05,PHOTO_C,15,2,45.0,30.0,45.251,1,2026-07-24 11:00:00
LOT-003,LOT-003-W05,PHOTO_C,15,34,120.0,270.0,44.619,0,2026-07-21 11:00:00
LOT-006,LOT-006-W02,PHOTO_C,6,32,120.0,210.0,41.329,8,2026-07-22 08:00:00
LOT-005,LOT-005-W05,PHOTO_B,15,33,120.0,240.0,45.016,2,2026-07-22 03:00:00
LOT-001,LOT-001-W04,PHOTO_A,12,11,45.0,300.0,45.032,0,2026-07-20 18:00:00
LOT-001,LOT-001-W04,PHOTO_A,12,27,120.0,60.0,44.665,3,2026-07-20 18:00:00
LOT-001,LOT-001-W04,PHOTO_A,12,0,0.0,0.0,45.34,3,2026-07-20 18:00:00
LOT-007,LOT-007-W04,PHOTO_A,12,13,85.0,0.0,0.045318,1,2026-07-22 18:00:00
LOT-005,LOT-005-W04,PHOTO_B,12,26,120.0,30.0,44.508,2,2026-07-22 02:00:00
LOT-006,LOT-006-W05,PHOTO_C,15,42,142.0,150.0,41.449,9,2026-07-22 11:00:00
LOT-007,LOT-007-W04,PHOTO_A,12,1,45.0,0.0,44.244,0,2026-07-22 18:00:00
LOT-012,LOT-012-W03,PHOTO_C,9,31,120.0,180.0,40.949,12,2026-07-24 09:00:00
LOT-004,LOT-004-W05,PHOTO_A,15,40,142.0,90.0,44.43,2,2026-07-21 19:00:00
LOT-002,LOT-002-W04,PHOTO_B,12,4,45.0,90.0,45.608,1,2026-07-21 02:00:00
LOT-011,LOT-011-W03,PHOTO_B,9,3,45.0,60.0,45.524,2,2026-07-24 01:00:00
LOT-009,LOT-009-W05,PHOTO_C,15,20,85.0,210.0,43.521,1,2026-07-23 11:00:00
LOT-004,LOT-004-W02,PHOTO_A,6,25,120.0,0.0,44.421,0,2026-07-21 16:00:00
LOT-004,LOT-004-W05,PHOTO_A,15,27,120.0,60.0,,1,2026-07-21 19:00:00
LOT-007,LOT-007-W05,PHOTO_A,15,33,120.0,240.0,45.347,2,2026-07-22 19:00:00
LOT-009,LOT-009-W01,PHOTO_C,3,46,142.0,270.0,39.952,7,2026-07-23 07:00:00
LOT-008,LOT-008-W02,PHOTO_B,6,33,120.0,240.0,45.106,3,2026-07-23 00:00:00
LOT-005,LOT-005-W05,PHOTO_B,15,34,120.0,270.0,45.263,3,2026-07-22 03:00:00
LOT-009,LOT-009-W04,PHOTO_C,12,42,142.0,150.0,40.977,11,2026-07-23 10:00:00
LOT-003,LOT-003-W04,PHOTO_C,12,17,85.0,120.0,45.443,0,2026-07-21 10:00:00
LOT-010,LOT-010-W04,PHOTO_A,12,42,142.0,150.0,45.822,2,2026-07-23 18:00:00
LOT-011,LOT-011-W05,PHOTO_B,15,29,120.0,120.0,45.968,0,2026-07-24 03:00:00
LOT-003,LOT-003-W02,PHOTO_C,6,15,85.0,60.0,44.527,2,2026-07-21 08:00:00
LOT-010,LOT-010-W04,PHOTO_A,12,43,142.0,180.0,45.051,1,2026-07-23 18:00:00
LOT-008,LOT-008-W05,PHOTO_B,15,15,85.0,60.0,46.187,1,2026-07-23 03:00:00
LOT-009,LOT-009-W03,PHOTO_C,9,10,45.0,270.0,44.335,2,2026-07-23 09:00:00
LOT-009,LOT-009-W01,PHOTO_C,3,12,45.0,330.0,0.044387,0,2026-07-23 07:00:00
LOT-002,LOT-002-W04,PHOTO_B,12,39,142.0,60.0,44.38,2,2026-07-21 02:00:00
LOT-003,LOT-003-W02,PHOTO_C,6,47,142.0,300.0,43.825,4,2026-07-21 08:00:00
LOT-012,LOT-012-W02,PHOTO_C,6,43,142.0,180.0,41.306,8,2026-07-24 08:00:00
LOT-008,LOT-008-W03,PHOTO_B,9,6,45.0,150.0,44.611,0,2026-07-23 01:00:00
LOT-007,LOT-007-W05,PHOTO_A,15,1,45.0,0.0,44.547,1,2026-07-22 19:00:00
LOT-002,LOT-002-W03,PHOTO_B,9,42,142.0,150.0,45.954,3,2026-07-21 01:00:00
LOT-011,LOT-011-W01,PHOTO_B,3,31,120.0,180.0,45.405,0,2026-07-23 23:00:00
LOT-003,LOT-003-W05,PHOTO_C,15,41,142.0,120.0,44.179,2,2026-07-21 11:00:00
LOT-001,LOT-001-W03,PHOTO_A,9,18,85.0,150.0,45.644,1,2026-07-20 17:00:00
LOT-011,LOT-011-W01,PHOTO_B,3,37,142.0,0.0,45.463,1,2026-07-23 23:00:00
LOT-011,LOT-011-W04,PHOTO_B,12,46,142.0,270.0,45.58,3,2026-07-24 02:00:00
LOT-010,LOT-010-W05,PHOTO_A,15,3,45.0,60.0,44.061,2,2026-07-23 19:00:00
LOT-005,LOT-005-W03,PHOTO_B,9,28,120.0,90.0,44.811,2,2026-07-22 01:00:00
LOT-011,LOT-011-W04,PHOTO_B,12,20,85.0,210.0,45.28,1,2026-07-24 02:00:00
LOT-003,LOT-003-W01,PHOTO_C,3,31,120.0,180.0,44.877,0,2026-07-21 07:00:00
LOT-007,LOT-007-W02,PHOTO_A,6,26,120.0,30.0,44.263,2,2026-07-22 16:00:00
LOT-012,LOT-012-W04,PHOTO_C,12,44,142.0,210.0,41.919,8,2026-07-24 10:00:00
LOT-006,LOT-006-W05,PHOTO_C,15,21,85.0,240.0,44.404,1,2026-07-22 11:00:00
LOT-004,LOT-004-W01,PHOTO_A,3,11,45.0,300.0,44.196,2,2026-07-21 15:00:00
LOT-011,LOT-011-W01,PHOTO_B,3,12,45.0,330.0,45.226,4,2026-07-23 23:00:00
LOT-002,LOT-002-W04,PHOTO_B,12,16,85.0,90.0,44.933,2,2026-07-21 02:00:00
LOT-002,LOT-002-W02,PHOTO_B,6,17,85.0,120.0,45.676,1,2026-07-21 00:00:00
LOT-003,LOT-003-W02,PHOTO_C,6,11,45.0,300.0,44.008,2,2026-07-21 08:00:00
LOT-007,LOT-007-W02,PHOTO_A,6,4,45.0,90.0,45.467,3,2026-07-22 16:00:00
LOT-006,LOT-006-W01,PHOTO_C,3,29,120.0,120.0,42.385,4,2026-07-22 07:00:00
LOT-008,LOT-008-W03,PHOTO_B,9,29,120.0,120.0,46.083,3,2026-07-23 01:00:00
LOT-001,LOT-001-W05,PHOTO_A,15,38,142.0,30.0,43.906,2,2026-07-20 19:00:00
LOT-005,LOT-005-W01,PHOTO_B,3,24,85.0,330.0,45.224,2,2026-07-21 23:00:00
LOT-012,LOT-012-W01,PHOTO_C,3,47,142.0,300.0,42.058,2,2026-07-24 07:00:00
LOT-012,LOT-012-W05,PHOTO_C,15,23,85.0,300.0,44.705,4,2026-07-24 11:00:00
LOT-007,LOT-007-W03,PHOTO_A,9,35,120.0,300.0,45.045,3,2026-07-22 17:00:00
LOT-002,LOT-002-W01,PHOTO_B,3,35,120.0,300.0,44.868,3,2026-07-20 23:00:00
LOT-012,LOT-012-W05,PHOTO_C,15,12,45.0,330.0,45.285,1,2026-07-24 11:00:00
LOT-005,LOT-005-W01,PHOTO_B,3,8,45.0,210.0,45.282,1,2026-07-21 23:00:00
LOT-011,LOT-011-W02,PHOTO_B,6,47,142.0,300.0,0.04547,6,2026-07-24 00:00:00
LOT-010,LOT-010-W01,PHOTO_A,3,34,120.0,270.0,44.235,1,2026-07-23 15:00:00
LOT-010,LOT-010-W01,PHOTO_A,3,10,45.0,270.0,44.328,1,2026-07-23 15:00:00
LOT-003,LOT-003-W02,PHOTO_C,6,27,120.0,60.0,44.633,2,2026-07-21 08:00:00
LOT-010,LOT-010-W01,PHOTO_A,3,4,45.0,90.0,45.557,1,2026-07-23 15:00:00
LOT-006,LOT-006-W05,PHOTO_C,15,26,120.0,30.0,42.504,8,2026-07-22 11:00:00
LOT-003,LOT-003-W04,PHOTO_C,12,46,142.0,270.0,44.951,2,2026-07-21 10:00:00
LOT-009,LOT-009-W02,PHOTO_C,6,39,142.0,60.0,42.318,3,2026-07-23 08:00:00
LOT-005,LOT-005-W02,PHOTO_B,6,12,45.0,330.0,45.575,1,2026-07-22 00:00:00
LOT-007,LOT-007-W05,PHOTO_A,15,46,142.0,270.0,44.477,1,2026-07-22 19:00:00
LOT-009,LOT-009-W05,PHOTO_C,15,45,142.0,240.0,41.219,6,2026-07-23 11:00:00
LOT-012,LOT-012-W01,PHOTO_C,3,44,142.0,210.0,41.132,7,2026-07-24 07:00:00
LOT-008,LOT-008-W03,PHOTO_B,9,47,142.0,300.0,45.337,1,2026-07-23 01:00:00
LOT-001,LOT-001-W01,PHOTO_A,3,5,45.0,120.0,45.075,4,2026-07-20 15:00:00
LOT-004,LOT-004-W02,PHOTO_A,6,6,45.0,150.0,44.501,4,2026-07-21 16:00:00
LOT-002,LOT-002-W04,PHOTO_B,12,10,45.0,270.0,45.984,0,2026-07-21 02:00:00
LOT-011,LOT-011-W04,PHOTO_B,12,14,85.0,30.0,45.443,2,2026-07-24 02:00:00
LOT-010,LOT-010-W03,PHOTO_A,9,8,45.0,210.0,45.608,1,2026-07-23 17:00:00
LOT-003,LOT-003-W05,PHOTO_C,15,40,142.0,90.0,44.441,4,2026-07-21 11:00:00
LOT-002,LOT-002-W03,PHOTO_B,9,10,45.0,270.0,46.64,2,2026-07-21 01:00:00
LOT-006,LOT-006-W02,PHOTO_C,6,34,120.0,270.0,41.679,9,2026-07-22 08:00:00
LOT-010,LOT-010-W03,PHOTO_A,9,16,85.0,90.0,44.139,3,2026-07-23 17:00:00
LOT-011,LOT-011-W02,PHOTO_B,6,11,45.0,300.0,45.847,1,2026-07-24 00:00:00
LOT-006,LOT-006-W01,PHOTO_C,3,27,120.0,60.0,42.221,10,2026-07-22 07:00:00
LOT-009,LOT-009-W04,PHOTO_C,12,44,142.0,210.0,41.863,4,2026-07-23 10:00:00
LOT-009,LOT-009-W04,PHOTO_C,12,31,120.0,180.0,42.288,5,2026-07-23 10:00:00
LOT-005,LOT-005-W01,PHOTO_B,3,32,120.0,210.0,45.609,1,2026-07-21 23:00:00
LOT-011,LOT-011-W05,PHOTO_B,15,11,45.0,300.0,44.609,0,2026-07-24 03:00:00
LOT-003,LOT-003-W03,PHOTO_C,9,47,142.0,300.0,44.604,0,2026-07-21 09:00:00
LOT-001,LOT-001-W04,PHOTO_A,12,28,120.0,90.0,44.501,2,2026-07-20 18:00:00
LOT-005,LOT-005-W01,PHOTO_B,3,33,120.0,240.0,45.003,1,2026-07-21 23:00:00
LOT-002,LOT-002-W01,PHOTO_B,3,10,45.0,270.0,45.123,0,2026-07-20 23:00:00
LOT-008,LOT-008-W05,PHOTO_B,15,10,45.0,270.0,0.045713,3,2026-07-23 03:00:00
LOT-008,LOT-008-W05,PHOTO_B,15,32,120.0,210.0,45.554,3,2026-07-23 03:00:00
LOT-011,LOT-011-W03,PHOTO_B,9,10,45.0,270.0,44.616,0,2026-07-24 01:00:00
LOT-007,LOT-007-W02,PHOTO_A,6,7,45.0,180.0,45.591,1,2026-07-22 16:00:00
LOT-002,LOT-002-W05,PHOTO_B,15,14,85.0,30.0,44.672,0,2026-07-21 03:00:00
LOT-012,LOT-012-W01,PHOTO_C,3,6,45.0,150.0,44.713,3,2026-07-24 07:00:00
LOT-010,LOT-010-W05,PHOTO_A,15,40,142.0,90.0,44.014,3,2026-07-23 19:00:00
LOT-002,LOT-002-W03,PHOTO_B,9,0,0.0,0.0,44.612,0,2026-07-21 01:00:00
LOT-008,LOT-008-W04,PHOTO_B,12,6,45.0,150.0,45.843,1,2026-07-23 02:00:00
LOT-012,LOT-012-W03,PHOTO_C,9,18,85.0,150.0,44.648,2,2026-07-24 09:00:00
LOT-010,LOT-010-W03,PHOTO_A,9,41,142.0,120.0,44.031,0,2026-07-23 17:00:00
LOT-009,LOT-009-W02,PHOTO_C,6,44,142.0,210.0,41.999,11,2026-07-23 08:00:00
LOT-004,LOT-004-W01,PHOTO_A,3,25,120.0,0.0,45.463,1,2026-07-21 15:00:00
LOT-005,LOT-005-W03,PHOTO_B,9,26,120.0,30.0,45.003,0,2026-07-22 01:00:00
LOT-012,LOT-012-W01,PHOTO_C,3,35,120.0,300.0,41.981,5,2026-07-24 07:00:00
LOT-003,LOT-003-W05,PHOTO_C,15,12,45.0,330.0,,1,2026-07-21 11:00:00
LOT-003,LOT-003-W05,PHOTO_C,15,5,45.0,120.0,,3,2026-07-21 11:00:00
LOT-005,LOT-005-W04,PHOTO_B,12,19,85.0,180.0,45.448,0,2026-07-22 02:00:00
LOT-007,LOT-007-W04,PHOTO_A,12,32,120.0,210.0,45.123,1,2026-07-22 18:00:00
LOT-005,LOT-005-W05,PHOTO_B,15,27,120.0,60.0,,2,2026-07-22 03:00:00
LOT-012,LOT-012-W03,PHOTO_C,9,46,142.0,270.0,40.731,6,2026-07-24 09:00:00
LOT-004,LOT-004-W02,PHOTO_A,6,4,45.0,90.0,44.669,1,2026-07-21 16:00:00
LOT-007,LOT-007-W03,PHOTO_A,9,6,45.0,150.0,44.69,2,2026-07-22 17:00:00
LOT-009,LOT-009-W02,PHOTO_C,6,33,120.0,240.0,40.308,5,2026-07-23 08:00:00
LOT-009,LOT-009-W05,PHOTO_C,15,34,120.0,270.0,41.804,1,2026-07-23 11:00:00
LOT-003,LOT-003-W01,PHOTO_C,3,30,120.0,150.0,44.639,5,2026-07-21 07:00:00
LOT-008,LOT-008-W05,PHOTO_B,15,23,85.0,300.0,45.26,2,2026-07-23 03:00:00
LOT-009,LOT-009-W03,PHOTO_C,9,0,0.0,0.0,44.678,5,2026-07-23 09:00:00
LOT-010,LOT-010-W03,PHOTO_A,9,34,120.0,270.0,44.086,1,2026-07-23 17:00:00
LOT-002,LOT-002-W05,PHOTO_B,15,16,85.0,90.0,,1,2026-07-21 03:00:00
LOT-001,LOT-001-W03,PHOTO_A,9,47,142.0,300.0,44.294,1,2026-07-20 17:00:00
LOT-009,LOT-009-W04,PHOTO_C,12,4,45.0,90.0,44.12,2,2026-07-23 10:00:00
LOT-008,LOT-008-W03,PHOTO_B,9,14,85.0,30.0,45.855,0,2026-07-23 01:00:00
LOT-011,LOT-011-W02,PHOTO_B,6,44,142.0,210.0,44.14,3,2026-07-24 00:00:00
LOT-006,LOT-006-W01,PHOTO_C,3,10,45.0,270.0,44.115,1,2026-07-22 07:00:00
LOT-001,LOT-001-W01,PHOTO_A,3,40,142.0,90.0,44.359,0,2026-07-20 15:00:00
LOT-011,LOT-011-W02,PHOTO_B,6,23,85.0,300.0,45.005,2,2026-07-24 00:00:00
LOT-010,LOT-010-W01,PHOTO_A,3,22,85.0,270.0,45.069,1,2026-07-23 15:00:00
LOT-004,LOT-004-W04,PHOTO_A,12,47,142.0,300.0,44.479,2,2026-07-21 18:00:00
LOT-001,LOT-001-W03,PHOTO_A,9,9,45.0,240.0,45.742,0,2026-07-20 17:00:00
LOT-002,LOT-002-W04,PHOTO_B,12,7,45.0,180.0,45.256,0,2026-07-21 02:00:00
LOT-011,LOT-011-W01,PHOTO_B,3,27,120.0,60.0,45.442,3,2026-07-23 23:00:00
LOT-008,LOT-008-W01,PHOTO_B,3,23,85.0,300.0,46.01,4,2026-07-22 23:00:00
LOT-011,LOT-011-W03,PHOTO_B,9,17,85.0,120.0,44.834,2,2026-07-24 01:00:00
LOT-006,LOT-006-W03,PHOTO_C,9,11,45.0,300.0,45.465,1,2026-07-22 09:00:00
LOT-008,LOT-008-W01,PHOTO_B,3,46,142.0,270.0,44.18,1,2026-07-22 23:00:00
LOT-004,LOT-004-W03,PHOTO_A,9,46,142.0,270.0,44.063,0,2026-07-21 17:00:00
LOT-005,LOT-005-W04,PHOTO_B,12,18,85.0,150.0,45.75,1,2026-07-22 02:00:00
LOT-008,LOT-008-W02,PHOTO_B,6,28,120.0,90.0,46.861,0,2026-07-23 00:00:00
LOT-009,LOT-009-W02,PHOTO_C,6,35,120.0,300.0,41.187,8,2026-07-23 08:00:00
LOT-002,LOT-002-W02,PHOTO_B,6,6,45.0,150.0,45.604,0,2026-07-21 00:00:00
LOT-006,LOT-006-W03,PHOTO_C,9,34,120.0,270.0,42.047,9,2026-07-22 09:00:00
LOT-005,LOT-005-W05,PHOTO_B,15,36,120.0,330.0,45.388,0,2026-07-22 03:00:00
LOT-008,LOT-008-W02,PHOTO_B,6,4,45.0,90.0,45.376,1,2026-07-23 00:00:00
LOT-012,LOT-012-W05,PHOTO_C,15,25,120.0,0.0,41.322,9,2026-07-24 11:00:00
LOT-010,LOT-010-W01,PHOTO_A,3,5,45.0,120.0,44.802,1,2026-07-23 15:00:00
LOT-011,LOT-011-W01,PHOTO_B,3,9,45.0,240.0,45.974,2,2026-07-23 23:00:00
LOT-003,LOT-003-W05,PHOTO_C,15,46,142.0,270.0,,0,2026-07-21 11:00:00
LOT-007,LOT-007-W02,PHOTO_A,6,18,85.0,150.0,45.007,3,2026-07-22 16:00:00
LOT-002,LOT-002-W01,PHOTO_B,3,0,0.0,0.0,46.153,2,2026-07-20 23:00:00
LOT-006,LOT-006-W02,PHOTO_C,6,39,142.0,60.0,41.649,3,2026-07-22 08:00:00
LOT-009,LOT-009-W03,PHOTO_C,9,26,120.0,30.0,41.006,6,2026-07-23 09:00:00
LOT-009,LOT-009-W05,PHOTO_C,15,43,142.0,180.0,41.661,9,2026-07-23 11:00:00
LOT-008,LOT-008-W03,PHOTO_B,9,9,45.0,240.0,46.212,2,2026-07-23 01:00:00
LOT-002,LOT-002-W01,PHOTO_B,3,3,45.0,60.0,44.834,2,2026-07-20 23:00:00
LOT-001,LOT-001-W01,PHOTO_A,3,14,85.0,30.0,44.926,2,2026-07-20 15:00:00
LOT-011,LOT-011-W04,PHOTO_B,12,12,45.0,330.0,46.184,4,2026-07-24 02:00:00
LOT-005,LOT-005-W01,PHOTO_B,3,41,142.0,120.0,45.879,0,2026-07-21 23:00:00
LOT-005,LOT-005-W03,PHOTO_B,9,19,85.0,180.0,45.886,1,2026-07-22 01:00:00
LOT-005,LOT-005-W02,PHOTO_B,6,14,85.0,30.0,45.019,2,2026-07-22 00:00:00
LOT-001,LOT-001-W05,PHOTO_A,15,22,85.0,270.0,45.7,2,2026-07-20 19:00:00
LOT-001,LOT-001-W04,PHOTO_A,12,33,120.0,240.0,45.485,0,2026-07-20 18:00:00
LOT-011,LOT-011-W01,PHOTO_B,3,21,85.0,240.0,44.895,1,2026-07-23 23:00:00
LOT-008,LOT-008-W02,PHOTO_B,6,21,85.0,240.0,45.277,0,2026-07-23 00:00:00
LOT-010,LOT-010-W02,PHOTO_A,6,2,45.0,30.0,45.843,1,2026-07-23 16:00:00
LOT-005,LOT-005-W01,PHOTO_B,3,10,45.0,270.0,46.201,0,2026-07-21 23:00:00
LOT-001,LOT-001-W04,PHOTO_A,12,14,85.0,30.0,45.135,0,2026-07-20 18:00:00
LOT-009,LOT-009-W02,PHOTO_C,6,10,45.0,270.0,44.746,2,2026-07-23 08:00:00
LOT-007,LOT-007-W01,PHOTO_A,3,43,142.0,180.0,44.137,1,2026-07-22 15:00:00
LOT-011,LOT-011-W02,PHOTO_B,6,25,120.0,0.0,45.094,4,2026-07-24 00:00:00
LOT-006,LOT-006-W05,PHOTO_C,15,16,85.0,90.0,44.904,0,2026-07-22 11:00:00
LOT-003,LOT-003-W05,PHOTO_C,15,15,85.0,60.0,44.276,1,2026-07-21 11:00:00
LOT-005,LOT-005-W02,PHOTO_B,6,5,45.0,120.0,45.302,2,2026-07-22 00:00:00
LOT-006,LOT-006-W05,PHOTO_C,15,3,45.0,60.0,44.883,0,2026-07-22 11:00:00
LOT-001,LOT-001-W01,PHOTO_A,3,6,45.0,150.0,45.16,2,2026-07-20 15:00:00
LOT-009,LOT-009-W02,PHOTO_C,6,21,85.0,240.0,44.809,2,2026-07-23 08:00:00
LOT-007,LOT-007-W02,PHOTO_A,6,37,142.0,0.0,0.044243,2,2026-07-22 16:00:00
LOT-004,LOT-004-W02,PHOTO_A,6,31,120.0,180.0,44.425,1,2026-07-21 16:00:00
LOT-010,LOT-010-W03,PHOTO_A,9,21,85.0,240.0,44.59,3,2026-07-23 17:00:00
LOT-011,LOT-011-W01,PHOTO_B,3,29,120.0,120.0,45.508,2,2026-07-23 23:00:00
LOT-002,LOT-002-W05,PHOTO_B,15,31,120.0,180.0,45.407,1,2026-07-21 03:00:00
LOT-003,LOT-003-W05,PHOTO_C,15,20,85.0,210.0,44.174,0,2026-07-21 11:00:00
LOT-005,LOT-005-W04,PHOTO_B,12,36,120.0,330.0,45.413,2,2026-07-22 02:00:00
LOT-009,LOT-009-W02,PHOTO_C,6,19,85.0,180.0,43.113,2,2026-07-23 08:00:00
LOT-009,LOT-009-W02,PHOTO_C,6,42,142.0,150.0,41.701,4,2026-07-23 08:00:00
LOT-012,LOT-012-W04,PHOTO_C,12,11,45.0,300.0,43.914,0,2026-07-24 10:00:00
LOT-011,LOT-011-W05,PHOTO_B,15,7,45.0,180.0,45.835,1,2026-07-24 03:00:00
LOT-007,LOT-007-W02,PHOTO_A,6,45,142.0,240.0,44.851,0,2026-07-22 16:00:00
LOT-004,LOT-004-W04,PHOTO_A,12,16,85.0,90.0,44.852,2,2026-07-21 18:00:00
LOT-011,LOT-011-W03,PHOTO_B,9,28,120.0,90.0,45.353,3,2026-07-24 01:00:00
LOT-008,LOT-008-W05,PHOTO_B,15,17,85.0,120.0,45.808,4,2026-07-23 03:00:00
LOT-011,LOT-011-W01,PHOTO_B,3,32,120.0,210.0,44.497,2,2026-07-23 23:00:00
LOT-001,LOT-001-W02,PHOTO_A,6,42,142.0,150.0,44.719,2,2026-07-20 16:00:00
LOT-003,LOT-003-W02,PHOTO_C,6,10,45.0,270.0,45.799,4,2026-07-21 08:00:00
LOT-005,LOT-005-W04,PHOTO_B,12,43,142.0,180.0,45.354,3,2026-07-22 02:00:00
LOT-010,LOT-010-W01,PHOTO_A,3,20,85.0,210.0,44.2,0,2026-07-23 15:00:00
LOT-009,LOT-009-W02,PHOTO_C,6,9,45.0,240.0,44.641,2,2026-07-23 08:00:00
LOT-009,LOT-009-W04,PHOTO_C,12,37,142.0,0.0,41.758,8,2026-07-23 10:00:00
LOT-012,LOT-012-W04,PHOTO_C,12,24,85.0,330.0,45.976,0,2026-07-24 10:00:00
LOT-007,LOT-007-W03,PHOTO_A,9,4,45.0,90.0,44.275,1,2026-07-22 17:00:00
LOT-007,LOT-007-W03,PHOTO_A,9,38,142.0,30.0,44.216,1,2026-07-22 17:00:00
LOT-001,LOT-001-W01,PHOTO_A,3,41,142.0,120.0,44.328,4,2026-07-20 15:00:00
LOT-012,LOT-012-W05,PHOTO_C,15,31,120.0,180.0,41.523,9,2026-07-24 11:00:00
LOT-008,LOT-008-W01,PHOTO_B,3,22,85.0,270.0,44.995,1,2026-07-22 23:00:00
LOT-012,LOT-012-W01,PHOTO_C,3,2,45.0,30.0,44.97,2,2026-07-24 07:00:00
LOT-003,LOT-003-W03,PHOTO_C,9,48,142.0,330.0,44.927,0,2026-07-21 09:00:00
LOT-001,LOT-001-W03,PHOTO_A,9,1,45.0,0.0,44.631,4,2026-07-20 17:00:00
LOT-010,LOT-010-W05,PHOTO_A,15,43,142.0,180.0,43.97,0,2026-07-23 19:00:00
LOT-002,LOT-002-W02,PHOTO_B,6,20,85.0,210.0,45.069,1,2026-07-21 00:00:00
LOT-007,LOT-007-W05,PHOTO_A,15,12,45.0,330.0,,1,2026-07-22 19:00:00
LOT-011,LOT-011-W03,PHOTO_B,9,38,142.0,30.0,45.457,0,2026-07-24 01:00:00
LOT-012,LOT-012-W01,PHOTO_C,3,36,120.0,330.0,41.747,13,2026-07-24 07:00:00
LOT-002,LOT-002-W02,PHOTO_B,6,48,142.0,330.0,44.929,0,2026-07-21 00:00:00
LOT-003,LOT-003-W03,PHOTO_C,9,2,45.0,30.0,45.179,3,2026-07-21 09:00:00
LOT-002,LOT-002-W01,PHOTO_B,3,29,120.0,120.0,44.491,2,2026-07-20 23:00:00
LOT-005,LOT-005-W05,PHOTO_B,15,14,85.0,30.0,45.525,2,2026-07-22 03:00:00
LOT-011,LOT-011-W02,PHOTO_B,6,17,85.0,120.0,45.223,0,2026-07-24 00:00:00
LOT-002,LOT-002-W05,PHOTO_B,15,22,85.0,270.0,46.138,3,2026-07-21 03:00:00
LOT-012,LOT-012-W03,PHOTO_C,9,7,45.0,180.0,44.901,1,2026-07-24 09:00:00
LOT-001,LOT-001-W04,PHOTO_A,12,1,45.0,0.0,44.616,2,2026-07-20 18:00:00
LOT-012,LOT-012-W02,PHOTO_C,6,8,45.0,210.0,44.909,2,2026-07-24 08:00:00
LOT-011,LOT-011-W04,PHOTO_B,12,3,45.0,60.0,45.719,0,2026-07-24 02:00:00
LOT-002,LOT-002-W04,PHOTO_B,12,3,45.0,60.0,45.751,1,2026-07-21 02:00:00
LOT-011,LOT-011-W04,PHOTO_B,12,39,142.0,60.0,45.044,4,2026-07-24 02:00:00
LOT-009,LOT-009-W01,PHOTO_C,3,17,85.0,120.0,44.744,3,2026-07-23 07:00:00
LOT-011,LOT-011-W04,PHOTO_B,12,1,45.0,0.0,46.432,0,2026-07-24 02:00:00
LOT-005,LOT-005-W03,PHOTO_B,9,25,120.0,0.0,44.733,3,2026-07-22 01:00:00
LOT-009,LOT-009-W04,PHOTO_C,12,21,85.0,240.0,44.267,1,2026-07-23 10:00:00
LOT-009,LOT-009-W05,PHOTO_C,15,29,120.0,120.0,41.014,11,2026-07-23 11:00:00
LOT-003,LOT-003-W01,PHOTO_C,3,27,120.0,60.0,44.639,2,2026-07-21 07:00:00
LOT-005,LOT-005-W03,PHOTO_B,9,20,85.0,210.0,45.702,2,2026-07-22 01:00:00
LOT-008,LOT-008-W02,PHOTO_B,6,24,85.0,330.0,45.186,2,2026-07-23 00:00:00
LOT-012,LOT-012-W02,PHOTO_C,6,3,45.0,60.0,45.187,0,2026-07-24 08:00:00
LOT-001,LOT-001-W04,PHOTO_A,12,47,142.0,300.0,44.761,2,2026-07-20 18:00:00
LOT-009,LOT-009-W03,PHOTO_C,9,7,45.0,180.0,44.517,2,2026-07-23 09:00:00
LOT-011,LOT-011-W02,PHOTO_B,6,2,45.0,30.0,44.892,1,2026-07-24 00:00:00
LOT-002,LOT-002-W02,PHOTO_B,6,34,120.0,270.0,44.542,1,2026-07-21 00:00:00
LOT-005,LOT-005-W05,PHOTO_B,15,21,85.0,240.0,45.105,0,2026-07-22 03:00:00
LOT-005,LOT-005-W03,PHOTO_B,9,34,120.0,270.0,44.682,1,2026-07-22 01:00:00
LOT-005,LOT-005-W01,PHOTO_B,3,38,142.0,30.0,44.844,1,2026-07-21 23:00:00
LOT-004,LOT-004-W05,PHOTO_A,15,0,0.0,0.0,45.809,2,2026-07-21 19:00:00
LOT-010,LOT-010-W02,PHOTO_A,6,46,142.0,270.0,45.016,1,2026-07-23 16:00:00
LOT-007,LOT-007-W05,PHOTO_A,15,16,85.0,90.0,44.296,1,2026-07-22 19:00:00
LOT-011,LOT-011-W02,PHOTO_B,6,14,85.0,30.0,45.518,0,2026-07-24 00:00:00
LOT-009,LOT-009-W03,PHOTO_C,9,9,45.0,240.0,45.802,4,2026-07-23 09:00:00
LOT-008,LOT-008-W03,PHOTO_B,9,22,85.0,270.0,45.26,3,2026-07-23 01:00:00
LOT-001,LOT-001-W01,PHOTO_A,3,13,85.0,0.0,44.704,1,2026-07-20 15:00:00
LOT-003,LOT-003-W04,PHOTO_C,12,40,142.0,90.0,44.387,2,2026-07-21 10:00:00
LOT-005,LOT-005-W01,PHOTO_B,3,44,142.0,210.0,45.308,0,2026-07-21 23:00:00
LOT-010,LOT-010-W03,PHOTO_A,9,29,120.0,120.0,44.361,2,2026-07-23 17:00:00
LOT-011,LOT-011-W01,PHOTO_B,3,0,0.0,0.0,45.476,4,2026-07-23 23:00:00
LOT-002,LOT-002-W01,PHOTO_B,3,1,45.0,0.0,45.145,0,2026-07-20 23:00:00
LOT-003,LOT-003-W05,PHOTO_C,15,24,85.0,330.0,44.774,0,2026-07-21 11:00:00
LOT-003,LOT-003-W04,PHOTO_C,12,48,142.0,330.0,43.805,4,2026-07-21 10:00:00
LOT-005,LOT-005-W02,PHOTO_B,6,3,45.0,60.0,46.224,0,2026-07-22 00:00:00
LOT-007,LOT-007-W02,PHOTO_A,6,5,45.0,120.0,45.198,1,2026-07-22 16:00:00
LOT-001,LOT-001-W02,PHOTO_A,6,9,45.0,240.0,43.899,1,2026-07-20 16:00:00
LOT-002,LOT-002-W02,PHOTO_B,6,47,142.0,300.0,45.197,3,2026-07-21 00:00:00
LOT-008,LOT-008-W02,PHOTO_B,6,44,142.0,210.0,45.54,4,2026-07-23 00:00:00
LOT-002,LOT-002-W04,PHOTO_B,12,11,45.0,300.0,45.77,2,2026-07-21 02:00:00
LOT-009,LOT-009-W05,PHOTO_C,15,22,85.0,270.0,44.979,2,2026-07-23 11:00:00
LOT-001,LOT-001-W01,PHOTO_A,3,10,45.0,270.0,45.625,2,2026-07-20 15:00:00
LOT-001,LOT-001-W01,PHOTO_A,3,15,85.0,60.0,44.43,1,2026-07-20 15:00:00
LOT-003,LOT-003-W05,PHOTO_C,15,8,45.0,210.0,45.211,0,2026-07-21 11:00:00
LOT-004,LOT-004-W03,PHOTO_A,9,4,45.0,90.0,44.5,1,2026-07-21 17:00:00
LOT-007,LOT-007-W04,PHOTO_A,12,31,120.0,180.0,44.508,2,2026-07-22 18:00:00
LOT-009,LOT-009-W01,PHOTO_C,3,18,85.0,150.0,45.444,0,2026-07-23 07:00:00
LOT-007,LOT-007-W05,PHOTO_A,15,45,142.0,240.0,44.705,2,2026-07-22 19:00:00
LOT-001,LOT-001-W05,PHOTO_A,15,34,120.0,270.0,44.889,3,2026-07-20 19:00:00
LOT-010,LOT-010-W02,PHOTO_A,6,9,45.0,240.0,44.775,0,2026-07-23 16:00:00
LOT-007,LOT-007-W01,PHOTO_A,3,27,120.0,60.0,43.958,1,2026-07-22 15:00:00
LOT-008,LOT-008-W03,PHOTO_B,9,37,142.0,0.0,45.334,0,2026-07-23 01:00:00
LOT-012,LOT-012-W02,PHOTO_C,6,42,142.0,150.0,41.703,7,2026-07-24 08:00:00
LOT-001,LOT-001-W05,PHOTO_A,15,35,120.0,300.0,,0,2026-07-20 19:00:00
LOT-010,LOT-010-W03,PHOTO_A,9,28,120.0,90.0,44.538,0,2026-07-23 17:00:00
LOT-011,LOT-011-W03,PHOTO_B,9,12,45.0,330.0,45.829,0,2026-07-24 01:00:00
LOT-002,LOT-002-W05,PHOTO_B,15,48,142.0,330.0,0.044395,2,2026-07-21 03:00:00
LOT-001,LOT-001-W05,PHOTO_A,15,44,142.0,210.0,44.092,2,2026-07-20 19:00:00
LOT-005,LOT-005-W03,PHOTO_B,9,2,45.0,30.0,44.992,0,2026-07-22 01:00:00
LOT-005,LOT-005-W05,PHOTO_B,15,25,120.0,0.0,45.15,1,2026-07-22 03:00:00
LOT-002,LOT-002-W01,PHOTO_B,3,15,85.0,60.0,45.018,4,2026-07-20 23:00:00
LOT-007,LOT-007-W01,PHOTO_A,3,5,45.0,120.0,44.761,3,2026-07-22 15:00:00
LOT-001,LOT-001-W02,PHOTO_A,6,39,142.0,60.0,44.806,4,2026-07-20 16:00:00
LOT-012,LOT-012-W05,PHOTO_C,15,4,45.0,90.0,44.473,2,2026-07-24 11:00:00
LOT-008,LOT-008-W01,PHOTO_B,3,17,85.0,120.0,44.875,0,2026-07-22 23:00:00
LOT-005,LOT-005-W01,PHOTO_B,3,48,142.0,330.0,45.806,2,2026-07-21 23:00:00
LOT-003,LOT-003-W02,PHOTO_C,6,41,142.0,120.0,43.934,1,2026-07-21 08:00:00
LOT-010,LOT-010-W02,PHOTO_A,6,28,120.0,90.0,44.678,1,2026-07-23 16:00:00
LOT-002,LOT-002-W05,PHOTO_B,15,21,85.0,240.0,45.238,0,2026-07-21 03:00:00
LOT-006,LOT-006-W04,PHOTO_C,12,44,142.0,210.0,41.434,7,2026-07-22 10:00:00
LOT-003,LOT-003-W01,PHOTO_C,3,34,120.0,270.0,44.267,3,2026-07-21 07:00:00
LOT-006,LOT-006-W02,PHOTO_C,6,35,120.0,300.0,40.848,3,2026-07-22 08:00:00
LOT-006,LOT-006-W02,PHOTO_C,6,26,120.0,30.0,41.017,10,2026-07-22 08:00:00
LOT-003,LOT-003-W03,PHOTO_C,9,5,45.0,120.0,45.131,4,2026-07-21 09:00:00
LOT-003,LOT-003-W05,PHOTO_C,15,17,85.0,120.0,44.74,2,2026-07-21 11:00:00
LOT-004,LOT-004-W03,PHOTO_A,9,11,45.0,300.0,44.824,3,2026-07-21 17:00:00
LOT-002,LOT-002-W01,PHOTO_B,3,2,45.0,30.0,46.271,0,2026-07-20 23:00:00
LOT-005,LOT-005-W04,PHOTO_B,12,12,45.0,330.0,45.679,2,2026-07-22 02:00:00
LOT-002,LOT-002-W04,PHOTO_B,12,28,120.0,90.0,46.071,4,2026-07-21 02:00:00
LOT-008,LOT-008-W05,PHOTO_B,15,29,120.0,120.0,43.949,0,2026-07-23 03:00:00
LOT-008,LOT-008-W04,PHOTO_B,12,17,85.0,120.0,45.055,4,2026-07-23 02:00:00
LOT-007,LOT-007-W02,PHOTO_A,6,15,85.0,60.0,44.485,4,2026-07-22 16:00:00
LOT-012,LOT-012-W04,PHOTO_C,12,43,142.0,180.0,41.345,5,2026-07-24 10:00:00
LOT-001,LOT-001-W05,PHOTO_A,15,32,120.0,210.0,44.705,0,2026-07-20 19:00:00
LOT-011,LOT-011-W02,PHOTO_B,6,33,120.0,240.0,44.023,0,2026-07-24 00:00:00
LOT-007,LOT-007-W02,PHOTO_A,6,10,45.0,270.0,44.646,2,2026-07-22 16:00:00
LOT-001,LOT-001-W04,PHOTO_A,12,12,45.0,330.0,44.339,2,2026-07-20 18:00:00
LOT-005,LOT-005-W01,PHOTO_B,3,45,142.0,240.0,45.574,0,2026-07-21 23:00:00
LOT-011,LOT-011-W02,PHOTO_B,6,13,85.0,0.0,45.333,4,2026-07-24 00:00:00
LOT-006,LOT-006-W05,PHOTO_C,15,17,85.0,120.0,45.06,0,2026-07-22 11:00:00
LOT-008,LOT-008-W04,PHOTO_B,12,30,120.0,150.0,45.04,1,2026-07-23 02:00:00
LOT-007,LOT-007-W01,PHOTO_A,3,16,85.0,90.0,43.977,3,2026-07-22 15:00:00
LOT-012,LOT-012-W02,PHOTO_C,6,36,120.0,330.0,41.962,6,2026-07-24 08:00:00
LOT-006,LOT-006-W01,PHOTO_C,3,2,45.0,30.0,44.494,2,2026-07-22 07:00:00
LOT-010,LOT-010-W04,PHOTO_A,12,8,45.0,210.0,44.708,0,2026-07-23 18:00:00
LOT-006,LOT-006-W02,PHOTO_C,6,2,45.0,30.0,44.295,4,2026-07-22 08:00:00
LOT-006,LOT-006-W02,PHOTO_C,6,22,85.0,270.0,43.865,4,2026-07-22 08:00:00
LOT-012,LOT-012-W03,PHOTO_C,9,45,142.0,240.0,41.074,6,2026-07-24 09:00:00
LOT-004,LOT-004-W01,PHOTO_A,3,44,142.0,210.0,44.06,2,2026-07-21 15:00:00
LOT-011,LOT-011-W03,PHOTO_B,9,8,45.0,210.0,46.023,3,2026-07-24 01:00:00
LOT-008,LOT-008-W03,PHOTO_B,9,40,142.0,90.0,45.073,2,2026-07-23 01:00:00
LOT-011,LOT-011-W04,PHOTO_B,12,5,45.0,120.0,45.13,0,2026-07-24 02:00:00
LOT-011,LOT-011-W04,PHOTO_B,12,11,45.0,300.0,44.655,0,2026-07-24 02:00:00
LOT-011,LOT-011-W04,PHOTO_B,12,35,120.0,300.0,45.55,0,2026-07-24 02:00:00
LOT-004,LOT-004-W04,PHOTO_A,12,30,120.0,150.0,45.642,5,2026-07-21 18:00:00
LOT-007,LOT-007-W05,PHOTO_A,15,47,142.0,300.0,44.38,2,2026-07-22 19:00:00
LOT-012,LOT-012-W04,PHOTO_C,12,17,85.0,120.0,44.195,1,2026-07-24 10:00:00
LOT-004,LOT-004-W01,PHOTO_A,3,40,142.0,90.0,44.651,1,2026-07-21 15:00:00
LOT-011,LOT-011-W03,PHOTO_B,9,24,85.0,330.0,45.383,1,2026-07-24 01:00:00
LOT-012,LOT-012-W03,PHOTO_C,9,43,142.0,180.0,41.729,5,2026-07-24 09:00:00
LOT-007,LOT-007-W05,PHOTO_A,15,0,0.0,0.0,45.829,1,2026-07-22 19:00:00
LOT-002,LOT-002-W01,PHOTO_B,3,26,120.0,30.0,44.667,0,2026-07-20 23:00:00
LOT-007,LOT-007-W02,PHOTO_A,6,43,142.0,180.0,44.525,1,2026-07-22 16:00:00
LOT-004,LOT-004-W02,PHOTO_A,6,28,120.0,90.0,43.829,1,2026-07-21 16:00:00
LOT-004,LOT-004-W01,PHOTO_A,3,17,85.0,120.0,44.452,2,2026-07-21 15:00:00
LOT-007,LOT-007-W01,PHOTO_A,3,35,120.0,300.0,44.253,0,2026-07-22 15:00:00
LOT-011,LOT-011-W03,PHOTO_B,9,16,85.0,90.0,45.234,2,2026-07-24 01:00:00
LOT-006,LOT-006-W01,PHOTO_C,3,28,120.0,90.0,40.628,4,2026-07-22 07:00:00
LOT-007,LOT-007-W05,PHOTO_A,15,5,45.0,120.0,44.205,0,2026-07-22 19:00:00
LOT-010,LOT-010-W04,PHOTO_A,12,4,45.0,90.0,45.065,0,2026-07-23 18:00:00
LOT-011,LOT-011-W02,PHOTO_B,6,45,142.0,240.0,44.317,1,2026-07-24 00:00:00
LOT-004,LOT-004-W02,PHOTO_A,6,41,142.0,120.0,43.718,2,2026-07-21 16:00:00
LOT-004,LOT-004-W04,PHOTO_A,12,26,120.0,30.0,44.975,1,2026-07-21 18:00:00
LOT-002,LOT-002-W05,PHOTO_B,15,35,120.0,300.0,,2,2026-07-21 03:00:00
LOT-012,LOT-012-W04,PHOTO_C,12,33,120.0,240.0,41.38,9,2026-07-24 10:00:00
LOT-012,LOT-012-W02,PHOTO_C,6,23,85.0,300.0,45.399,3,2026-07-24 08:00:00
LOT-008,LOT-008-W02,PHOTO_B,6,47,142.0,300.0,44.277,3,2026-07-23 00:00:00
LOT-005,LOT-005-W04,PHOTO_B,12,42,142.0,150.0,45.205,0,2026-07-22 02:00:00
LOT-003,LOT-003-W02,PHOTO_C,6,19,85.0,180.0,42.949,2,2026-07-21 08:00:00
LOT-004,LOT-004-W03,PHOTO_A,9,15,85.0,60.0,45.809,3,2026-07-21 17:00:00
LOT-007,LOT-007-W02,PHOTO_A,6,30,120.0,150.0,44.057,1,2026-07-22 16:00:00
LOT-012,LOT-012-W05,PHOTO_C,15,0,0.0,0.0,44.36,0,2026-07-24 11:00:00
LOT-009,LOT-009-W04,PHOTO_C,12,48,142.0,330.0,41.247,9,2026-07-23 10:00:00
LOT-001,LOT-001-W01,PHOTO_A,3,17,85.0,120.0,44.24,2,2026-07-20 15:00:00
LOT-008,LOT-008-W04,PHOTO_B,12,26,120.0,30.0,45.654,2,2026-07-23 02:00:00
LOT-005,LOT-005-W01,PHOTO_B,3,34,120.0,270.0,45.293,2,2026-07-21 23:00:00
LOT-010,LOT-010-W04,PHOTO_A,12,1,45.0,0.0,44.524,2,2026-07-23 18:00:00
LOT-008,LOT-008-W01,PHOTO_B,3,21,85.0,240.0,45.801,2,2026-07-22 23:00:00
LOT-009,LOT-009-W01,PHOTO_C,3,28,120.0,90.0,40.976,6,2026-07-23 07:00:00
LOT-007,LOT-007-W02,PHOTO_A,6,40,142.0,90.0,44.772,1,2026-07-22 16:00:00
LOT-004,LOT-004-W05,PHOTO_A,15,46,142.0,270.0,44.822,3,2026-07-21 19:00:00
LOT-003,LOT-003-W02,PHOTO_C,6,17,85.0,120.0,44.859,1,2026-07-21 08:00:00
LOT-002,LOT-002-W05,PHOTO_B,15,15,85.0,60.0,,3,2026-07-21 03:00:00
LOT-004,LOT-004-W05,PHOTO_A,15,47,142.0,300.0,44.953,0,2026-07-21 19:00:00
LOT-002,LOT-002-W04,PHOTO_B,12,1,45.0,0.0,44.716,3,2026-07-21 02:00:00
LOT-008,LOT-008-W03,PHOTO_B,9,13,85.0,0.0,45.816,2,2026-07-23 01:00:00
LOT-005,LOT-005-W01,PHOTO_B,3,15,85.0,60.0,45.257,0,2026-07-21 23:00:00
LOT-004,LOT-004-W05,PHOTO_A,15,39,142.0,60.0,44.898,0,2026-07-21 19:00:00
LOT-008,LOT-008-W01,PHOTO_B,3,11,45.0,300.0,47.636,1,2026-07-22 23:00:00
LOT-009,LOT-009-W01,PHOTO_C,3,32,120.0,210.0,39.989,7,2026-07-23 07:00:00
LOT-010,LOT-010-W01,PHOTO_A,3,37,142.0,0.0,45.267,1,2026-07-23 15:00:00
LOT-002,LOT-002-W01,PHOTO_B,3,23,85.0,300.0,45.788,0,2026-07-20 23:00:00
LOT-004,LOT-004-W03,PHOTO_A,9,45,142.0,240.0,44.662,0,2026-07-21 17:00:00
LOT-006,LOT-006-W01,PHOTO_C,3,3,45.0,60.0,0.045133,1,2026-07-22 07:00:00
LOT-001,LOT-001-W01,PHOTO_A,3,45,142.0,240.0,44.354,3,2026-07-20 15:00:00
LOT-001,LOT-001-W01,PHOTO_A,3,11,45.0,300.0,44.383,1,2026-07-20 15:00:00
LOT-003,LOT-003-W03,PHOTO_C,9,19,85.0,180.0,44.675,3,2026-07-21 09:00:00
LOT-001,LOT-001-W02,PHOTO_A,6,26,120.0,30.0,43.984,0,2026-07-20 16:00:00
LOT-006,LOT-006-W04,PHOTO_C,12,20,85.0,210.0,44.616,5,2026-07-22 10:00:00
LOT-002,LOT-002-W03,PHOTO_B,9,39,142.0,60.0,44.14,2,2026-07-21 01:00:00
LOT-003,LOT-003-W03,PHOTO_C,9,27,120.0,60.0,44.445,1,2026-07-21 09:00:00
LOT-002,LOT-002-W04,PHOTO_B,12,18,85.0,150.0,45.684,0,2026-07-21 02:00:00
LOT-004,LOT-004-W02,PHOTO_A,6,10,45.0,270.0,44.861,1,2026-07-21 16:00:00
LOT-012,LOT-012-W01,PHOTO_C,3,20,85.0,210.0,45.388,0,2026-07-24 07:00:00
LOT-001,LOT-001-W01,PHOTO_A,3,44,142.0,210.0,44.706,2,2026-07-20 15:00:00
LOT-004,LOT-004-W04,PHOTO_A,12,21,85.0,240.0,44.565,0,2026-07-21 18:00:00
LOT-002,LOT-002-W01,PHOTO_B,3,13,85.0,0.0,46.091,2,2026-07-20 23:00:00
LOT-010,LOT-010-W04,PHOTO_A,12,40,142.0,90.0,43.977,1,2026-07-23 18:00:00
LOT-001,LOT-001-W04,PHOTO_A,12,43,142.0,180.0,43.696,0,2026-07-20 18:00:00
LOT-007,LOT-007-W01,PHOTO_A,3,34,120.0,270.0,44.458,4,2026-07-22 15:00:00
LOT-004,LOT-004-W01,PHOTO_A,3,21,85.0,240.0,44.095,3,2026-07-21 15:00:00
LOT-009,LOT-009-W02,PHOTO_C,6,12,45.0,330.0,45.345,0,2026-07-23 08:00:00
LOT-001,LOT-001-W03,PHOTO_A,9,42,142.0,150.0,44.394,1,2026-07-20 17:00:00
LOT-008,LOT-008-W05,PHOTO_B,15,24,85.0,330.0,45.539,0,2026-07-23 03:00:00
LOT-001,LOT-001-W04,PHOTO_A,12,4,45.0,90.0,44.651,2,2026-07-20 18:00:00
LOT-010,LOT-010-W05,PHOTO_A,15,37,142.0,0.0,44.237,3,2026-07-23 19:00:00
LOT-011,LOT-011-W04,PHOTO_B,12,47,142.0,300.0,45.681,2,2026-07-24 02:00:00
LOT-012,LOT-012-W03,PHOTO_C,9,24,85.0,330.0,43.807,0,2026-07-24 09:00:00
LOT-009,LOT-009-W03,PHOTO_C,9,17,85.0,120.0,45.17,5,2026-07-23 09:00:00
LOT-002,LOT-002-W04,PHOTO_B,12,2,45.0,30.0,44.857,0,2026-07-21 02:00:00
LOT-009,LOT-009-W02,PHOTO_C,6,18,85.0,150.0,44.868,0,2026-07-23 08:00:00
LOT-006,LOT-006-W02,PHOTO_C,6,16,85.0,90.0,44.863,1,2026-07-22 08:00:00
LOT-004,LOT-004-W05,PHOTO_A,15,17,85.0,120.0,44.869,2,2026-07-21 19:00:00
LOT-010,LOT-010-W04,PHOTO_A,12,24,85.0,330.0,43.521,2,2026-07-23 18:00:00
LOT-004,LOT-004-W02,PHOTO_A,6,46,142.0,270.0,44.161,2,2026-07-21 16:00:00
LOT-011,LOT-011-W02,PHOTO_B,6,39,142.0,60.0,44.941,2,2026-07-24 00:00:00
LOT-011,LOT-011-W05,PHOTO_B,15,22,85.0,270.0,45.723,1,2026-07-24 03:00:00
LOT-010,LOT-010-W04,PHOTO_A,12,10,45.0,270.0,44.812,2,2026-07-23 18:00:00
LOT-008,LOT-008-W04,PHOTO_B,12,4,45.0,90.0,45.732,4,2026-07-23 02:00:00
LOT-008,LOT-008-W03,PHOTO_B,9,30,120.0,150.0,45.288,0,2026-07-23 01:00:00
LOT-007,LOT-007-W03,PHOTO_A,9,44,142.0,210.0,44.445,4,2026-07-22 17:00:00
LOT-010,LOT-010-W01,PHOTO_A,3,29,120.0,120.0,45.26,1,2026-07-23 15:00:00
LOT-006,LOT-006-W05,PHOTO_C,15,25,120.0,0.0,,8,2026-07-22 11:00:00
LOT-006,LOT-006-W01,PHOTO_C,3,47,142.0,300.0,41.355,2,2026-07-22 07:00:00
LOT-010,LOT-010-W02,PHOTO_A,6,24,85.0,330.0,43.905,0,2026-07-23 16:00:00
LOT-007,LOT-007-W03,PHOTO_A,9,48,142.0,330.0,45.253,0,2026-07-22 17:00:00
LOT-007,LOT-007-W04,PHOTO_A,12,10,45.0,270.0,45.431,3,2026-07-22 18:00:00
LOT-003,LOT-003-W04,PHOTO_C,12,39,142.0,60.0,44.715,0,2026-07-21 10:00:00
LOT-009,LOT-009-W05,PHOTO_C,15,47,142.0,300.0,41.584,8,2026-07-23 11:00:00
LOT-007,LOT-007-W02,PHOTO_A,6,12,45.0,330.0,44.983,4,2026-07-22 16:00:00
LOT-010,LOT-010-W04,PHOTO_A,12,48,142.0,330.0,44.585,4,2026-07-23 18:00:00
LOT-011,LOT-011-W04,PHOTO_B,12,26,120.0,30.0,45.948,1,2026-07-24 02:00:00
LOT-004,LOT-004-W01,PHOTO_A,3,18,85.0,150.0,44.387,1,2026-07-21 15:00:00
LOT-006,LOT-006-W03,PHOTO_C,9,46,142.0,270.0,40.475,6,2026-07-22 09:00:00
LOT-008,LOT-008-W03,PHOTO_B,9,35,120.0,300.0,45.111,3,2026-07-23 01:00:00
LOT-012,LOT-012-W05,PHOTO_C,15,38,142.0,30.0,41.348,9,2026-07-24 11:00:00
LOT-012,LOT-012-W04,PHOTO_C,12,22,85.0,270.0,45.278,2,2026-07-24 10:00:00
LOT-012,LOT-012-W01,PHOTO_C,3,24,85.0,330.0,45.388,1,2026-07-24 07:00:00
LOT-012,LOT-012-W03,PHOTO_C,9,15,85.0,60.0,44.083,3,2026-07-24 09:00:00
LOT-005,LOT-005-W03,PHOTO_B,9,3,45.0,60.0,45.248,1,2026-07-22 01:00:00
LOT-003,LOT-003-W05,PHOTO_C,15,21,85.0,240.0,44.434,1,2026-07-21 11:00:00
LOT-011,LOT-011-W02,PHOTO_B,6,3,45.0,60.0,45.425,1,2026-07-24 00:00:00
LOT-012,LOT-012-W03,PHOTO_C,9,36,120.0,330.0,42.78,8,2026-07-24 09:00:00
LOT-002,LOT-002-W05,PHOTO_B,15,27,120.0,60.0,45.489,1,2026-07-21 03:00:00
LOT-012,LOT-012-W05,PHOTO_C,15,24,85.0,330.0,44.886,0,2026-07-24 11:00:00
LOT-006,LOT-006-W03,PHOTO_C,9,6,45.0,150.0,44.865,0,2026-07-22 09:00:00
LOT-004,LOT-004-W02,PHOTO_A,6,7,45.0,180.0,45.469,0,2026-07-21 16:00:00
LOT-002,LOT-002-W05,PHOTO_B,15,18,85.0,150.0,44.796,1,2026-07-21 03:00:00
LOT-010,LOT-010-W04,PHOTO_A,12,18,85.0,150.0,44.608,2,2026-07-23 18:00:00
LOT-006,LOT-006-W05,PHOTO_C,15,23,85.0,300.0,43.537,2,2026-07-22 11:00:00
LOT-005,LOT-005-W03,PHOTO_B,9,46,142.0,270.0,44.023,0,2026-07-22 01:00:00
LOT-008,LOT-008-W03,PHOTO_B,9,31,120.0,180.0,44.896,0,2026-07-23 01:00:00
LOT-005,LOT-005-W01,PHOTO_B,3,14,85.0,30.0,46.836,2,2026-07-21 23:00:00
LOT-010,LOT-010-W01,PHOTO_A,3,19,85.0,180.0,44.234,1,2026-07-23 15:00:00
LOT-010,LOT-010-W01,PHOTO_A,3,23,85.0,300.0,43.938,3,2026-07-23 15:00:00
LOT-012,LOT-012-W02,PHOTO_C,6,11,45.0,300.0,45.018,4,2026-07-24 08:00:00
LOT-010,LOT-010-W02,PHOTO_A,6,41,142.0,120.0,44.653,0,2026-07-23 16:00:00
LOT-010,LOT-010-W02,PHOTO_A,6,20,85.0,210.0,45.25,1,2026-07-23 16:00:00
LOT-002,LOT-002-W01,PHOTO_B,3,43,142.0,180.0,44.649,2,2026-07-20 23:00:00
LOT-010,LOT-010-W02,PHOTO_A,6,38,142.0,30.0,45.151,2,2026-07-23 16:00:00
LOT-012,LOT-012-W02,PHOTO_C,6,10,45.0,270.0,45.19,2,2026-07-24 08:00:00
LOT-011,LOT-011-W03,PHOTO_B,9,14,85.0,30.0,45.843,1,2026-07-24 01:00:00
LOT-005,LOT-005-W03,PHOTO_B,9,9,45.0,240.0,45.258,1,2026-07-22 01:00:00
LOT-003,LOT-003-W04,PHOTO_C,12,16,85.0,90.0,44.636,1,2026-07-21 10:00:00
LOT-009,LOT-009-W03,PHOTO_C,9,18,85.0,150.0,44.333,3,2026-07-23 09:00:00
LOT-009,LOT-009-W02,PHOTO_C,6,22,85.0,270.0,45.738,2,2026-07-23 08:00:00
LOT-001,LOT-001-W04,PHOTO_A,12,48,142.0,330.0,44.708,0,2026-07-20 18:00:00
LOT-010,LOT-010-W05,PHOTO_A,15,22,85.0,270.0,45.301,3,2026-07-23 19:00:00
LOT-009,LOT-009-W01,PHOTO_C,3,10,45.0,270.0,45.135,0,2026-07-23 07:00:00
LOT-008,LOT-008-W05,PHOTO_B,15,41,142.0,120.0,44.358,1,2026-07-23 03:00:00
LOT-007,LOT-007-W01,PHOTO_A,3,42,142.0,150.0,45.093,0,2026-07-22 15:00:00
LOT-005,LOT-005-W04,PHOTO_B,12,39,142.0,60.0,44.222,0,2026-07-22 02:00:00
LOT-001,LOT-001-W02,PHOTO_A,6,4,45.0,90.0,45.065,2,2026-07-20 16:00:00
LOT-006,LOT-006-W01,PHOTO_C,3,26,120.0,30.0,41.285,4,2026-07-22 07:00:00
LOT-008,LOT-008-W01,PHOTO_B,3,1,45.0,0.0,45.066,1,2026-07-22 23:00:00
LOT-012,LOT-012-W04,PHOTO_C,12,1,45.0,0.0,45.292,0,2026-07-24 10:00:00
LOT-002,LOT-002-W01,PHOTO_B,3,33,120.0,240.0,45.336,1,2026-07-20 23:00:00
LOT-010,LOT-010-W03,PHOTO_A,9,42,142.0,150.0,44.034,3,2026-07-23 17:00:00
LOT-008,LOT-008-W02,PHOTO_B,6,0,0.0,0.0,45.762,3,2026-07-23 00:00:00
LOT-011,LOT-011-W02,PHOTO_B,6,10,45.0,270.0,44.656,2,2026-07-24 00:00:00
LOT-005,LOT-005-W02,PHOTO_B,6,44,142.0,210.0,45.116,3,2026-07-22 00:00:00
LOT-005,LOT-005-W04,PHOTO_B,12,16,85.0,90.0,46.112,5,2026-07-22 02:00:00
LOT-005,LOT-005-W02,PHOTO_B,6,13,85.0,0.0,45.192,0,2026-07-22 00:00:00
LOT-010,LOT-010-W02,PHOTO_A,6,32,120.0,210.0,44.812,2,2026-07-23 16:00:00
LOT-001,LOT-001-W05,PHOTO_A,15,18,85.0,150.0,45.001,0,2026-07-20 19:00:00
LOT-004,LOT-004-W04,PHOTO_A,12,1,45.0,0.0,44.244,0,2026-07-21 18:00:00
LOT-011,LOT-011-W01,PHOTO_B,3,6,45.0,150.0,45.229,3,2026-07-23 23:00:00
LOT-008,LOT-008-W03,PHOTO_B,9,36,120.0,330.0,43.967,0,2026-07-23 01:00:00
LOT-010,LOT-010-W01,PHOTO_A,3,2,45.0,30.0,44.523,2,2026-07-23 15:00:00
LOT-007,LOT-007-W04,PHOTO_A,12,15,85.0,60.0,45.077,1,2026-07-22 18:00:00
LOT-002,LOT-002-W01,PHOTO_B,3,41,142.0,120.0,44.588,1,2026-07-20 23:00:00
LOT-010,LOT-010-W02,PHOTO_A,6,19,85.0,180.0,44.893,2,2026-07-23 16:00:00
LOT-010,LOT-010-W02,PHOTO_A,6,37,142.0,0.0,43.384,0,2026-07-23 16:00:00
LOT-004,LOT-004-W03,PHOTO_A,9,6,45.0,150.0,43.989,2,2026-07-21 17:00:00
LOT-002,LOT-002-W03,PHOTO_B,9,45,142.0,240.0,44.925,3,2026-07-21 01:00:00
LOT-007,LOT-007-W01,PHOTO_A,3,41,142.0,120.0,44.345,0,2026-07-22 15:00:00
LOT-011,LOT-011-W02,PHOTO_B,6,41,142.0,120.0,45.072,2,2026-07-24 00:00:00
LOT-012,LOT-012-W05,PHOTO_C,15,18,85.0,150.0,43.321,2,2026-07-24 11:00:00
LOT-008,LOT-008-W03,PHOTO_B,9,17,85.0,120.0,44.978,1,2026-07-23 01:00:00
LOT-006,LOT-006-W04,PHOTO_C,12,26,120.0,30.0,41.766,8,2026-07-22 10:00:00
LOT-003,LOT-003-W04,PHOTO_C,12,6,45.0,150.0,45.285,4,2026-07-21 10:00:00
LOT-001,LOT-001-W02,PHOTO_A,6,5,45.0,120.0,44.725,1,2026-07-20 16:00:00
LOT-011,LOT-011-W05,PHOTO_B,15,28,120.0,90.0,45.189,1,2026-07-24 03:00:00
LOT-007,LOT-007-W04,PHOTO_A,12,44,142.0,210.0,44.838,0,2026-07-22 18:00:00
LOT-005,LOT-005-W01,PHOTO_B,3,31,120.0,180.0,44.99,0,2026-07-21 23:00:00
LOT-010,LOT-010-W05,PHOTO_A,15,13,85.0,0.0,45.429,0,2026-07-23 19:00:00
LOT-005,LOT-005-W04,PHOTO_B,12,7,45.0,180.0,44.717,0,2026-07-22 02:00:00
LOT-001,LOT-001-W02,PHOTO_A,6,34,120.0,270.0,45.054,3,2026-07-20 16:00:00
LOT-006,LOT-006-W02,PHOTO_C,6,23,85.0,300.0,45.0,1,2026-07-22 08:00:00
LOT-003,LOT-003-W03,PHOTO_C,9,0,0.0,0.0,45.053,1,2026-07-21 09:00:00
LOT-006,LOT-006-W05,PHOTO_C,15,8,45.0,210.0,,1,2026-07-22 11:00:00
LOT-003,LOT-003-W05,PHOTO_C,15,28,120.0,90.0,44.566,0,2026-07-21 11:00:00
LOT-012,LOT-012-W03,PHOTO_C,9,6,45.0,150.0,45.672,2,2026-07-24 09:00:00
LOT-004,LOT-004-W04,PHOTO_A,12,39,142.0,60.0,44.156,1,2026-07-21 18:00:00
LOT-012,LOT-012-W02,PHOTO_C,6,41,142.0,120.0,41.53,4,2026-07-24 08:00:00
LOT-002,LOT-002-W02,PHOTO_B,6,42,142.0,150.0,44.371,3,2026-07-21 00:00:00
LOT-007,LOT-007-W02,PHOTO_A,6,36,120.0,330.0,44.995,1,2026-07-22 16:00:00
LOT-005,LOT-005-W01,PHOTO_B,3,18,85.0,150.0,45.768,2,2026-07-21 23:00:00
LOT-007,LOT-007-W02,PHOTO_A,6,2,45.0,30.0,44.862,2,2026-07-22 16:00:00
LOT-004,LOT-004-W02,PHOTO_A,6,20,85.0,210.0,44.387,2,2026-07-21 16:00:00
LOT-012,LOT-012-W01,PHOTO_C,3,13,85.0,0.0,45.385,1,2026-07-24 07:00:00
LOT-006,LOT-006-W01,PHOTO_C,3,22,85.0,270.0,44.23,1,2026-07-22 07:00:00
LOT-010,LOT-010-W02,PHOTO_A,6,25,120.0,0.0,43.775,0,2026-07-23 16:00:00
LOT-003,LOT-003-W03,PHOTO_C,9,30,120.0,150.0,44.087,2,2026-07-21 09:00:00
LOT-011,LOT-011-W02,PHOTO_B,6,21,85.0,240.0,44.496,0,2026-07-24 00:00:00
LOT-012,LOT-012-W05,PHOTO_C,15,43,142.0,180.0,40.956,6,2026-07-24 11:00:00
LOT-011,LOT-011-W02,PHOTO_B,6,16,85.0,90.0,45.829,2,2026-07-24 00:00:00
LOT-001,LOT-001-W02,PHOTO_A,6,37,142.0,0.0,44.679,1,2026-07-20 16:00:00
LOT-012,LOT-012-W04,PHOTO_C,12,26,120.0,30.0,41.136,10,2026-07-24 10:00:00
LOT-006,LOT-006-W05,PHOTO_C,15,29,120.0,120.0,41.902,11,2026-07-22 11:00:00
LOT-005,LOT-005-W01,PHOTO_B,3,21,85.0,240.0,44.555,1,2026-07-21 23:00:00
LOT-011,LOT-011-W04,PHOTO_B,12,15,85.0,60.0,46.03,0,2026-07-24 02:00:00
LOT-001,LOT-001-W05,PHOTO_A,15,17,85.0,120.0,44.042,2,2026-07-20 19:00:00
LOT-011,LOT-011-W04,PHOTO_B,12,9,45.0,240.0,45.712,2,2026-07-24 02:00:00
LOT-012,LOT-012-W05,PHOTO_C,15,47,142.0,300.0,41.669,6,2026-07-24 11:00:00
LOT-002,LOT-002-W03,PHOTO_B,9,31,120.0,180.0,45.78,0,2026-07-21 01:00:00
LOT-005,LOT-005-W05,PHOTO_B,15,28,120.0,90.0,,2,2026-07-22 03:00:00
LOT-012,LOT-012-W03,PHOTO_C,9,48,142.0,330.0,41.376,9,2026-07-24 09:00:00
LOT-004,LOT-004-W04,PHOTO_A,12,36,120.0,330.0,44.173,2,2026-07-21 18:00:00
LOT-002,LOT-002-W05,PHOTO_B,15,30,120.0,150.0,45.405,2,2026-07-21 03:00:00
LOT-007,LOT-007-W01,PHOTO_A,3,21,85.0,240.0,44.461,0,2026-07-22 15:00:00
LOT-010,LOT-010-W04,PHOTO_A,12,12,45.0,330.0,44.448,0,2026-07-23 18:00:00
LOT-001,LOT-001-W01,PHOTO_A,3,18,85.0,150.0,44.737,1,2026-07-20 15:00:00
LOT-010,LOT-010-W04,PHOTO_A,12,46,142.0,270.0,44.158,3,2026-07-23 18:00:00
LOT-011,LOT-011-W02,PHOTO_B,6,1,45.0,0.0,45.145,3,2026-07-24 00:00:00
LOT-004,LOT-004-W02,PHOTO_A,6,13,85.0,0.0,44.507,2,2026-07-21 16:00:00
LOT-001,LOT-001-W05,PHOTO_A,15,25,120.0,0.0,45.003,6,2026-07-20 19:00:00
LOT-010,LOT-010-W01,PHOTO_A,3,7,45.0,180.0,45.291,3,2026-07-23 15:00:00
LOT-007,LOT-007-W05,PHOTO_A,15,48,142.0,330.0,44.074,4,2026-07-22 19:00:00
LOT-010,LOT-010-W01,PHOTO_A,3,42,142.0,150.0,44.981,2,2026-07-23 15:00:00
LOT-009,LOT-009-W04,PHOTO_C,12,47,142.0,300.0,41.212,12,2026-07-23 10:00:00
LOT-009,LOT-009-W01,PHOTO_C,3,41,142.0,120.0,41.913,9,2026-07-23 07:00:00
LOT-005,LOT-005-W04,PHOTO_B,12,31,120.0,180.0,44.701,0,2026-07-22 02:00:00
LOT-006,LOT-006-W04,PHOTO_C,12,25,120.0,0.0,42.048,7,2026-07-22 10:00:00
LOT-004,LOT-004-W05,PHOTO_A,15,41,142.0,120.0,44.812,0,2026-07-21 19:00:00
LOT-002,LOT-002-W03,PHOTO_B,9,2,45.0,30.0,45.014,1,2026-07-21 01:00:00
LOT-007,LOT-007-W04,PHOTO_A,12,27,120.0,60.0,44.585,1,2026-07-22 18:00:00
LOT-010,LOT-010-W05,PHOTO_A,15,33,120.0,240.0,45.461,0,2026-07-23 19:00:00
LOT-007,LOT-007-W03,PHOTO_A,9,33,120.0,240.0,43.942,1,2026-07-22 17:00:00
LOT-006,LOT-006-W04,PHOTO_C,12,47,142.0,300.0,42.231,6,2026-07-22 10:00:00
LOT-006,LOT-006-W03,PHOTO_C,9,1,45.0,0.0,45.446,1,2026-07-22 09:00:00
LOT-008,LOT-008-W01,PHOTO_B,3,18,85.0,150.0,45.199,2,2026-07-22 23:00:00
LOT-008,LOT-008-W03,PHOTO_B,9,44,142.0,210.0,45.373,2,2026-07-23 01:00:00
LOT-012,LOT-012-W02,PHOTO_C,6,26,120.0,30.0,41.523,6,2026-07-24 08:00:00
LOT-004,LOT-004-W04,PHOTO_A,12,2,45.0,30.0,44.813,3,2026-07-21 18:00:00
LOT-008,LOT-008-W05,PHOTO_B,15,20,85.0,210.0,44.899,2,2026-07-23 03:00:00
LOT-001,LOT-001-W04,PHOTO_A,12,29,120.0,120.0,45.409,0,2026-07-20 18:00:00
LOT-011,LOT-011-W04,PHOTO_B,12,40,142.0,90.0,44.996,2,2026-07-24 02:00:00
LOT-003,LOT-003-W02,PHOTO_C,6,24,85.0,330.0,45.436,0,2026-07-21 08:00:00
LOT-002,LOT-002-W01,PHOTO_B,3,39,142.0,60.0,45.454,0,2026-07-20 23:00:00
LOT-005,LOT-005-W02,PHOTO_B,6,16,85.0,90.0,44.759,2,2026-07-22 00:00:00
LOT-001,LOT-001-W05,PHOTO_A,15,39,142.0,60.0,43.607,1,2026-07-20 19:00:00
LOT-007,LOT-007-W02,PHOTO_A,6,31,120.0,180.0,44.763,3,2026-07-22 16:00:00
LOT-005,LOT-005-W05,PHOTO_B,15,30,120.0,150.0,45.926,2,2026-07-22 03:00:00
LOT-008,LOT-008-W04,PHOTO_B,12,25,120.0,0.0,44.532,2,2026-07-23 02:00:00
LOT-003,LOT-003-W01,PHOTO_C,3,17,85.0,120.0,43.884,1,2026-07-21 07:00:00
LOT-011,LOT-011-W01,PHOTO_B,3,18,85.0,150.0,46.79,3,2026-07-23 23:00:00
LOT-002,LOT-002-W02,PHOTO_B,6,36,120.0,330.0,45.034,2,2026-07-21 00:00:00
LOT-009,LOT-009-W05,PHOTO_C,15,26,120.0,30.0,42.845,4,2026-07-23 11:00:00
LOT-004,LOT-004-W03,PHOTO_A,9,38,142.0,30.0,44.607,2,2026-07-21 17:00:00
LOT-007,LOT-007-W04,PHOTO_A,12,0,0.0,0.0,44.807,0,2026-07-22 18:00:00
LOT-005,LOT-005-W03,PHOTO_B,9,18,85.0,150.0,44.218,1,2026-07-22 01:00:00
LOT-010,LOT-010-W02,PHOTO_A,6,29,120.0,120.0,44.084,2,2026-07-23 16:00:00
LOT-008,LOT-008-W03,PHOTO_B,9,5,45.0,120.0,44.444,2,2026-07-23 01:00:00
LOT-003,LOT-003-W04,PHOTO_C,12,43,142.0,180.0,45.211,0,2026-07-21 10:00:00
LOT-009,LOT-009-W05,PHOTO_C,15,39,142.0,60.0,,6,2026-07-23 11:00:00
LOT-005,LOT-005-W02,PHOTO_B,6,46,142.0,270.0,44.953,0,2026-07-22 00:00:00
LOT-005,LOT-005-W05,PHOTO_B,15,13,85.0,0.0,45.525,2,2026-07-22 03:00:00
LOT-002,LOT-002-W05,PHOTO_B,15,45,142.0,240.0,,3,2026-07-21 03:00:00
LOT-008,LOT-008-W02,PHOTO_B,6,17,85.0,120.0,45.432,1,2026-07-23 00:00:00
LOT-012,LOT-012-W02,PHOTO_C,6,32,120.0,210.0,40.914,4,2026-07-24 08:00:00
LOT-004,LOT-004-W04,PHOTO_A,12,8,45.0,210.0,44.956,4,2026-07-21 18:00:00
LOT-003,LOT-003-W03,PHOTO_C,9,38,142.0,30.0,44.289,1,2026-07-21 09:00:00
LOT-008,LOT-008-W02,PHOTO_B,6,38,142.0,30.0,45.367,1,2026-07-23 00:00:00
LOT-003,LOT-003-W05,PHOTO_C,15,31,120.0,180.0,45.458,1,2026-07-21 11:00:00
LOT-008,LOT-008-W05,PHOTO_B,15,6,45.0,150.0,45.394,0,2026-07-23 03:00:00
LOT-001,LOT-001-W04,PHOTO_A,12,46,142.0,270.0,44.275,4,2026-07-20 18:00:00
LOT-011,LOT-011-W03,PHOTO_B,9,9,45.0,240.0,45.132,1,2026-07-24 01:00:00
LOT-001,LOT-001-W02,PHOTO_A,6,10,45.0,270.0,45.325,1,2026-07-20 16:00:00
LOT-009,LOT-009-W02,PHOTO_C,6,32,120.0,210.0,41.433,4,2026-07-23 08:00:00
LOT-012,LOT-012-W02,PHOTO_C,6,31,120.0,180.0,41.745,2,2026-07-24 08:00:00
LOT-012,LOT-012-W05,PHOTO_C,15,28,120.0,90.0,41.465,9,2026-07-24 11:00:00
LOT-008,LOT-008-W05,PHOTO_B,15,46,142.0,270.0,45.38,4,2026-07-23 03:00:00
LOT-006,LOT-006-W05,PHOTO_C,15,27,120.0,60.0,,10,2026-07-22 11:00:00
LOT-004,LOT-004-W02,PHOTO_A,6,2,45.0,30.0,44.747,4,2026-07-21 16:00:00
LOT-003,LOT-003-W04,PHOTO_C,12,15,85.0,60.0,44.535,0,2026-07-21 10:00:00
LOT-004,LOT-004-W05,PHOTO_A,15,33,120.0,240.0,45.093,2,2026-07-21 19:00:00
LOT-009,LOT-009-W04,PHOTO_C,12,1,45.0,0.0,43.985,3,2026-07-23 10:00:00
LOT-007,LOT-007-W05,PHOTO_A,15,32,120.0,210.0,44.446,2,2026-07-22 19:00:00
LOT-006,LOT-006-W05,PHOTO_C,15,39,142.0,60.0,,7,2026-07-22 11:00:00
LOT-007,LOT-007-W02,PHOTO_A,6,11,45.0,300.0,44.257,3,2026-07-22 16:00:00
LOT-010,LOT-010-W04,PHOTO_A,12,14,85.0,30.0,44.775,2,2026-07-23 18:00:00
LOT-009,LOT-009-W01,PHOTO_C,3,7,45.0,180.0,45.634,0,2026-07-23 07:00:00
LOT-011,LOT-011-W04,PHOTO_B,12,24,85.0,330.0,45.966,2,2026-07-24 02:00:00
LOT-008,LOT-008-W04,PHOTO_B,12,22,85.0,270.0,45.677,1,2026-07-23 02:00:00
LOT-001,LOT-001-W01,PHOTO_A,3,48,142.0,330.0,44.66,1,2026-07-20 15:00:00
LOT-003,LOT-003-W05,PHOTO_C,15,16,85.0,90.0,44.826,2,2026-07-21 11:00:00
LOT-009,LOT-009-W03,PHOTO_C,9,11,45.0,300.0,44.509,1,2026-07-23 09:00:00
LOT-005,LOT-005-W01,PHOTO_B,3,19,85.0,180.0,44.983,0,2026-07-21 23:00:00
LOT-003,LOT-003-W05,PHOTO_C,15,42,142.0,150.0,44.446,0,2026-07-21 11:00:00
LOT-006,LOT-006-W03,PHOTO_C,9,27,120.0,60.0,40.632,5,2026-07-22 09:00:00
LOT-004,LOT-004-W02,PHOTO_A,6,5,45.0,120.0,44.673,1,2026-07-21 16:00:00
LOT-011,LOT-011-W01,PHOTO_B,3,39,142.0,60.0,45.775,1,2026-07-23 23:00:00
LOT-002,LOT-002-W03,PHOTO_B,9,20,85.0,210.0,44.437,1,2026-07-21 01:00:00
LOT-003,LOT-003-W03,PHOTO_C,9,18,85.0,150.0,44.569,4,2026-07-21 09:00:00
LOT-006,LOT-006-W03,PHOTO_C,9,38,142.0,30.0,41.751,9,2026-07-22 09:00:00
LOT-006,LOT-006-W05,PHOTO_C,15,2,45.0,30.0,44.799,1,2026-07-22 11:00:00
LOT-010,LOT-010-W02,PHOTO_A,6,42,142.0,150.0,43.282,1,2026-07-23 16:00:00
LOT-002,LOT-002-W02,PHOTO_B,6,43,142.0,180.0,44.533,1,2026-07-21 00:00:00
LOT-011,LOT-011-W05,PHOTO_B,15,33,120.0,240.0,44.776,4,2026-07-24 03:00:00
LOT-007,LOT-007-W03,PHOTO_A,9,43,142.0,180.0,44.416,1,2026-07-22 17:00:00
LOT-008,LOT-008-W02,PHOTO_B,6,25,120.0,0.0,44.902,4,2026-07-23 00:00:00
LOT-001,LOT-001-W02,PHOTO_A,6,6,45.0,150.0,44.863,1,2026-07-20 16:00:00
LOT-003,LOT-003-W01,PHOTO_C,3,46,142.0,270.0,44.688,0,2026-07-21 07:00:00
LOT-005,LOT-005-W05,PHOTO_B,15,15,85.0,60.0,,1,2026-07-22 03:00:00
LOT-008,LOT-008-W01,PHOTO_B,3,10,45.0,270.0,44.66,3,2026-07-22 23:00:00
LOT-007,LOT-007-W04,PHOTO_A,12,18,85.0,150.0,44.658,3,2026-07-22 18:00:00
LOT-001,LOT-001-W01,PHOTO_A,3,0,0.0,0.0,44.578,3,2026-07-20 15:00:00
LOT-003,LOT-003-W02,PHOTO_C,6,35,120.0,300.0,44.372,3,2026-07-21 08:00:00
LOT-006,LOT-006-W01,PHOTO_C,3,31,120.0,180.0,40.956,12,2026-07-22 07:00:00
LOT-002,LOT-002-W05,PHOTO_B,15,38,142.0,30.0,44.763,3,2026-07-21 03:00:00
LOT-002,LOT-002-W04,PHOTO_B,12,13,85.0,0.0,44.95,1,2026-07-21 02:00:00
LOT-004,LOT-004-W01,PHOTO_A,3,27,120.0,60.0,44.136,1,2026-07-21 15:00:00
LOT-005,LOT-005-W01,PHOTO_B,3,3,45.0,60.0,45.965,1,2026-07-21 23:00:00
LOT-010,LOT-010-W02,PHOTO_A,6,36,120.0,330.0,45.65,3,2026-07-23 16:00:00
LOT-002,LOT-002-W01,PHOTO_B,3,32,120.0,210.0,44.663,1,2026-07-20 23:00:00
LOT-008,LOT-008-W04,PHOTO_B,12,23,85.0,300.0,45.113,2,2026-07-23 02:00:00
LOT-006,LOT-006-W01,PHOTO_C,3,39,142.0,60.0,42.168,5,2026-07-22 07:00:00
LOT-009,LOT-009-W03,PHOTO_C,9,41,142.0,120.0,41.109,11,2026-07-23 09:00:00
LOT-008,LOT-008-W01,PHOTO_B,3,43,142.0,180.0,45.409,3,2026-07-22 23:00:00
LOT-011,LOT-011-W05,PHOTO_B,15,4,45.0,90.0,45.28,3,2026-07-24 03:00:00
LOT-002,LOT-002-W04,PHOTO_B,12,31,120.0,180.0,44.74,0,2026-07-21 02:00:00
LOT-011,LOT-011-W01,PHOTO_B,3,13,85.0,0.0,44.532,0,2026-07-23 23:00:00
LOT-004,LOT-004-W04,PHOTO_A,12,41,142.0,120.0,43.411,3,2026-07-21 18:00:00
LOT-006,LOT-006-W01,PHOTO_C,3,15,85.0,60.0,45.026,2,2026-07-22 07:00:00
LOT-005,LOT-005-W05,PHOTO_B,15,7,45.0,180.0,,0,2026-07-22 03:00:00
LOT-011,LOT-011-W04,PHOTO_B,12,28,120.0,90.0,44.83,4,2026-07-24 02:00:00
LOT-001,LOT-001-W03,PHOTO_A,9,37,142.0,0.0,45.586,1,2026-07-20 17:00:00
LOT-007,LOT-007-W01,PHOTO_A,3,20,85.0,210.0,44.671,0,2026-07-22 15:00:00
LOT-002,LOT-002-W02,PHOTO_B,6,46,142.0,270.0,45.425,0,2026-07-21 00:00:00
LOT-002,LOT-002-W05,PHOTO_B,15,4,45.0,90.0,0.045159,3,2026-07-21 03:00:00
LOT-009,LOT-009-W01,PHOTO_C,3,33,120.0,240.0,41.174,4,2026-07-23 07:00:00
LOT-009,LOT-009-W05,PHOTO_C,15,40,142.0,90.0,39.996,7,2026-07-23 11:00:00
LOT-007,LOT-007-W05,PHOTO_A,15,7,45.0,180.0,45.825,4,2026-07-22 19:00:00
LOT-006,LOT-006-W01,PHOTO_C,3,4,45.0,90.0,45.035,2,2026-07-22 07:00:00
LOT-007,LOT-007-W02,PHOTO_A,6,35,120.0,300.0,44.342,2,2026-07-22 16:00:00
LOT-003,LOT-003-W05,PHOTO_C,15,47,142.0,300.0,45.234,0,2026-07-21 11:00:00
LOT-004,LOT-004-W02,PHOTO_A,6,3,45.0,60.0,44.31,4,2026-07-21 16:00:00
LOT-002,LOT-002-W01,PHOTO_B,3,14,85.0,30.0,44.911,2,2026-07-20 23:00:00
LOT-003,LOT-003-W05,PHOTO_C,15,2,45.0,30.0,45.268,0,2026-07-21 11:00:00
LOT-003,LOT-003-W03,PHOTO_C,9,7,45.0,180.0,44.868,4,2026-07-21 09:00:00
LOT-005,LOT-005-W05,PHOTO_B,15,40,142.0,90.0,45.043,3,2026-07-22 03:00:00
LOT-012,LOT-012-W03,PHOTO_C,9,28,120.0,90.0,42.104,6,2026-07-24 09:00:00
LOT-001,LOT-001-W03,PHOTO_A,9,25,120.0,0.0,43.957,0,2026-07-20 17:00:00
LOT-005,LOT-005-W03,PHOTO_B,9,10,45.0,270.0,45.423,3,2026-07-22 01:00:00
LOT-010,LOT-010-W04,PHOTO_A,12,34,120.0,270.0,45.1,0,2026-07-23 18:00:00
LOT-006,LOT-006-W01,PHOTO_C,3,14,85.0,30.0,45.207,1,2026-07-22 07:00:00
LOT-011,LOT-011-W02,PHOTO_B,6,26,120.0,30.0,44.345,1,2026-07-24 00:00:00
LOT-004,LOT-004-W01,PHOTO_A,3,7,45.0,180.0,44.532,0,2026-07-21 15:00:00
LOT-001,LOT-001-W02,PHOTO_A,6,17,85.0,120.0,43.952,1,2026-07-20 16:00:00
LOT-010,LOT-010-W02,PHOTO_A,6,22,85.0,270.0,45.245,0,2026-07-23 16:00:00
LOT-005,LOT-005-W01,PHOTO_B,3,40,142.0,90.0,44.71,1,2026-07-21 23:00:00
LOT-009,LOT-009-W02,PHOTO_C,6,37,142.0,0.0,40.32,3,2026-07-23 08:00:00
LOT-010,LOT-010-W04,PHOTO_A,12,9,45.0,240.0,44.812,0,2026-07-23 18:00:00
LOT-009,LOT-009-W04,PHOTO_C,12,28,120.0,90.0,40.895,4,2026-07-23 10:00:00
LOT-006,LOT-006-W05,PHOTO_C,15,32,120.0,210.0,40.962,6,2026-07-22 11:00:00
LOT-005,LOT-005-W03,PHOTO_B,9,1,45.0,0.0,45.451,1,2026-07-22 01:00:00
LOT-006,LOT-006-W04,PHOTO_C,12,22,85.0,270.0,44.968,4,2026-07-22 10:00:00
LOT-005,LOT-005-W02,PHOTO_B,6,47,142.0,300.0,44.902,4,2026-07-22 00:00:00
LOT-012,LOT-012-W02,PHOTO_C,6,7,45.0,180.0,44.539,2,2026-07-24 08:00:00
LOT-003,LOT-003-W05,PHOTO_C,15,35,120.0,300.0,44.593,0,2026-07-21 11:00:00
LOT-007,LOT-007-W02,PHOTO_A,6,0,0.0,0.0,44.394,1,2026-07-22 16:00:00
LOT-010,LOT-010-W04,PHOTO_A,12,0,0.0,0.0,45.611,0,2026-07-23 18:00:00
LOT-008,LOT-008-W02,PHOTO_B,6,16,85.0,90.0,45.698,1,2026-07-23 00:00:00
LOT-011,LOT-011-W05,PHOTO_B,15,1,45.0,0.0,45.183,2,2026-07-24 03:00:00
LOT-008,LOT-008-W01,PHOTO_B,3,48,142.0,330.0,45.425,2,2026-07-22 23:00:00
LOT-001,LOT-001-W02,PHOTO_A,6,38,142.0,30.0,43.488,3,2026-07-20 16:00:00
LOT-010,LOT-010-W04,PHOTO_A,12,47,142.0,300.0,45.15,0,2026-07-23 18:00:00
LOT-006,LOT-006-W04,PHOTO_C,12,40,142.0,90.0,0.040874,8,2026-07-22 10:00:00
LOT-009,LOT-009-W01,PHOTO_C,3,11,45.0,300.0,45.059,1,2026-07-23 07:00:00
LOT-002,LOT-002-W04,PHOTO_B,12,38,142.0,30.0,45.396,1,2026-07-21 02:00:00
LOT-002,LOT-002-W03,PHOTO_B,9,1,45.0,0.0,45.789,2,2026-07-21 01:00:00
LOT-010,LOT-010-W04,PHOTO_A,12,12,45.0,330.0,44.448,0,2026-07-23 18:00:00
LOT-001,LOT-001-W02,PHOTO_A,6,28,120.0,90.0,44.916,2,2026-07-20 16:00:00
LOT-012,LOT-012-W02,PHOTO_C,6,40,142.0,90.0,42.475,10,2026-07-24 08:00:00
LOT-005,LOT-005-W05,PHOTO_B,15,6,45.0,150.0,45.542,2,2026-07-22 03:00:00
LOT-003,LOT-003-W02,PHOTO_C,6,48,142.0,330.0,44.387,4,2026-07-21 08:00:00
LOT-010,LOT-010-W02,PHOTO_A,6,10,45.0,270.0,44.831,3,2026-07-23 16:00:00
LOT-001,LOT-001-W03,PHOTO_A,9,22,85.0,270.0,43.982,4,2026-07-20 17:00:00
LOT-005,LOT-005-W04,PHOTO_B,12,0,0.0,0.0,46.091,0,2026-07-22 02:00:00
LOT-012,LOT-012-W01,PHOTO_C,3,21,85.0,240.0,44.488,0,2026-07-24 07:00:00
LOT-001,LOT-001-W03,PHOTO_A,9,38,142.0,30.0,44.035,1,2026-07-20 17:00:00
LOT-004,LOT-004-W04,PHOTO_A,12,37,142.0,0.0,45.548,1,2026-07-21 18:00:00
LOT-001,LOT-001-W03,PHOTO_A,9,39,142.0,60.0,45.251,0,2026-07-20 17:00:00
LOT-004,LOT-004-W01,PHOTO_A,3,4,45.0,90.0,44.132,3,2026-07-21 15:00:00
LOT-011,LOT-011-W04,PHOTO_B,12,8,45.0,210.0,44.738,0,2026-07-24 02:00:00
LOT-003,LOT-003-W01,PHOTO_C,3,0,0.0,0.0,45.351,0,2026-07-21 07:00:00
LOT-006,LOT-006-W02,PHOTO_C,6,0,0.0,0.0,45.279,3,2026-07-22 08:00:00
LOT-004,LOT-004-W04,PHOTO_A,12,9,45.0,240.0,44.899,1,2026-07-21 18:00:00
LOT-012,LOT-012-W05,PHOTO_C,15,42,142.0,150.0,42.212,3,2026-07-24 11:00:00
LOT-006,LOT-006-W03,PHOTO_C,9,19,85.0,180.0,44.307,3,2026-07-22 09:00:00
LOT-007,LOT-007-W01,PHOTO_A,3,0,0.0,0.0,45.39,2,2026-07-22 15:00:00
LOT-005,LOT-005-W04,PHOTO_B,12,35,120.0,300.0,45.538,1,2026-07-22 02:00:00
LOT-012,LOT-012-W03,PHOTO_C,9,39,142.0,60.0,40.735,15,2026-07-24 09:00:00
LOT-009,LOT-009-W02,PHOTO_C,6,31,120.0,180.0,41.826,6,2026-07-23 08:00:00
LOT-005,LOT-005-W04,PHOTO_B,12,10,45.0,270.0,46.157,0,2026-07-22 02:00:00
LOT-002,LOT-002-W05,PHOTO_B,15,26,120.0,30.0,44.78,0,2026-07-21 03:00:00
LOT-003,LOT-003-W04,PHOTO_C,12,20,85.0,210.0,45.261,3,2026-07-21 10:00:00
LOT-005,LOT-005-W01,PHOTO_B,3,36,120.0,330.0,45.214,2,2026-07-21 23:00:00
LOT-012,LOT-012-W02,PHOTO_C,6,37,142.0,0.0,41.877,7,2026-07-24 08:00:00
LOT-010,LOT-010-W04,PHOTO_A,12,17,85.0,120.0,45.175,2,2026-07-23 18:00:00
LOT-012,LOT-012-W01,PHOTO_C,3,7,45.0,180.0,45.218,1,2026-07-24 07:00:00
LOT-002,LOT-002-W04,PHOTO_B,12,34,120.0,270.0,45.777,1,2026-07-21 02:00:00
LOT-007,LOT-007-W01,PHOTO_A,3,44,142.0,210.0,44.719,3,2026-07-22 15:00:00
LOT-010,LOT-010-W03,PHOTO_A,9,40,142.0,90.0,45.09,3,2026-07-23 17:00:00
LOT-002,LOT-002-W01,PHOTO_B,3,6,45.0,150.0,45.569,3,2026-07-20 23:00:00
LOT-010,LOT-010-W03,PHOTO_A,9,9,45.0,240.0,45.042,2,2026-07-23 17:00:00
LOT-006,LOT-006-W05,PHOTO_C,15,36,120.0,330.0,41.451,4,2026-07-22 11:00:00
LOT-001,LOT-001-W03,PHOTO_A,9,21,85.0,240.0,44.353,3,2026-07-20 17:00:00
LOT-007,LOT-007-W02,PHOTO_A,6,42,142.0,150.0,43.771,0,2026-07-22 16:00:00
LOT-009,LOT-009-W01,PHOTO_C,3,37,142.0,0.0,41.82,6,2026-07-23 07:00:00
LOT-006,LOT-006-W02,PHOTO_C,6,40,142.0,90.0,40.5,8,2026-07-22 08:00:00
LOT-011,LOT-011-W03,PHOTO_B,9,27,120.0,60.0,46.096,4,2026-07-24 01:00:00
LOT-002,LOT-002-W04,PHOTO_B,12,29,120.0,120.0,44.528,2,2026-07-21 02:00:00
LOT-001,LOT-001-W05,PHOTO_A,15,14,85.0,30.0,45.46,3,2026-07-20 19:00:00
LOT-011,LOT-011-W01,PHOTO_B,3,8,45.0,210.0,44.934,1,2026-07-23 23:00:00
LOT-011,LOT-011-W01,PHOTO_B,3,25,120.0,0.0,45.171,0,2026-07-23 23:00:00
LOT-008,LOT-008-W03,PHOTO_B,9,43,142.0,180.0,45.946,1,2026-07-23 01:00:00
LOT-001,LOT-001-W02,PHOTO_A,6,16,85.0,90.0,44.874,2,2026-07-20 16:00:00
LOT-008,LOT-008-W03,PHOTO_B,9,39,142.0,60.0,45.259,2,2026-07-23 01:00:00
LOT-012,LOT-012-W03,PHOTO_C,9,27,120.0,60.0,41.705,8,2026-07-24 09:00:00
LOT-009,LOT-009-W03,PHOTO_C,9,38,142.0,30.0,41.488,6,2026-07-23 09:00:00
LOT-003,LOT-003-W04,PHOTO_C,12,27,120.0,60.0,44.255,2,2026-07-21 10:00:00
LOT-005,LOT-005-W01,PHOTO_B,3,28,120.0,90.0,45.142,1,2026-07-21 23:00:00
LOT-010,LOT-010-W05,PHOTO_A,15,44,142.0,210.0,43.641,0,2026-07-23 19:00:00
LOT-011,LOT-011-W01,PHOTO_B,3,4,45.0,90.0,46.082,3,2026-07-23 23:00:00
LOT-008,LOT-008-W04,PHOTO_B,12,10,45.0,270.0,44.95,3,2026-07-23 02:00:00
LOT-010,LOT-010-W01,PHOTO_A,3,41,142.0,120.0,44.888,6,2026-07-23 15:00:00
LOT-011,LOT-011-W02,PHOTO_B,6,48,142.0,330.0,45.27,0,2026-07-24 00:00:00
LOT-008,LOT-008-W03,PHOTO_B,9,4,45.0,90.0,45.577,0,2026-07-23 01:00:00
LOT-001,LOT-001-W02,PHOTO_A,6,27,120.0,60.0,45.029,1,2026-07-20 16:00:00
LOT-003,LOT-003-W02,PHOTO_C,6,46,142.0,270.0,44.309,3,2026-07-21 08:00:00
LOT-010,LOT-010-W03,PHOTO_A,9,7,45.0,180.0,45.182,3,2026-07-23 17:00:00
LOT-009,LOT-009-W03,PHOTO_C,9,37,142.0,0.0,41.585,7,2026-07-23 09:00:00
LOT-009,LOT-009-W02,PHOTO_C,6,30,120.0,150.0,41.618,5,2026-07-23 08:00:00
LOT-011,LOT-011-W01,PHOTO_B,3,15,85.0,60.0,44.383,3,2026-07-23 23:00:00
LOT-012,LOT-012-W01,PHOTO_C,3,42,142.0,150.0,41.001,7,2026-07-24 07:00:00
LOT-010,LOT-010-W04,PHOTO_A,12,20,85.0,210.0,45.508,0,2026-07-23 18:00:00
LOT-007,LOT-007-W02,PHOTO_A,6,27,120.0,60.0,44.312,2,2026-07-22 16:00:00
LOT-004,LOT-004-W01,PHOTO_A,3,43,142.0,180.0,44.089,2,2026-07-21 15:00:00
LOT-012,LOT-012-W02,PHOTO_C,6,12,45.0,330.0,44.12,3,2026-07-24 08:00:00
LOT-012,LOT-012-W02,PHOTO_C,6,47,142.0,300.0,41.11,6,2026-07-24 08:00:00
LOT-003,LOT-003-W02,PHOTO_C,6,20,85.0,210.0,44.239,1,2026-07-21 08:00:00
LOT-008,LOT-008-W05,PHOTO_B,15,19,85.0,180.0,44.782,2,2026-07-23 03:00:00
LOT-006,LOT-006-W05,PHOTO_C,15,12,45.0,330.0,44.805,2,2026-07-22 11:00:00
LOT-005,LOT-005-W01,PHOTO_B,3,47,142.0,300.0,44.884,3,2026-07-21 23:00:00
LOT-010,LOT-010-W02,PHOTO_A,6,13,85.0,0.0,44.43,2,2026-07-23 16:00:00
LOT-006,LOT-006-W01,PHOTO_C,3,24,85.0,330.0,43.655,2,2026-07-22 07:00:00
LOT-006,LOT-006-W02,PHOTO_C,6,41,142.0,120.0,41.283,6,2026-07-22 08:00:00
LOT-008,LOT-008-W04,PHOTO_B,12,48,142.0,330.0,46.294,4,2026-07-23 02:00:00
LOT-004,LOT-004-W02,PHOTO_A,6,23,85.0,300.0,44.333,1,2026-07-21 16:00:00
LOT-011,LOT-011-W05,PHOTO_B,15,3,45.0,60.0,,2,2026-07-24 03:00:00
LOT-005,LOT-005-W01,PHOTO_B,3,4,45.0,90.0,45.026,5,2026-07-21 23:00:00
LOT-006,LOT-006-W01,PHOTO_C,3,20,85.0,210.0,44.688,3,2026-07-22 07:00:00
LOT-012,LOT-012-W01,PHOTO_C,3,23,85.0,300.0,44.962,2,2026-07-24 07:00:00
LOT-009,LOT-009-W01,PHOTO_C,3,13,85.0,0.0,44.153,3,2026-07-23 07:00:00
LOT-006,LOT-006-W01,PHOTO_C,3,33,120.0,240.0,41.717,8,2026-07-22 07:00:00
LOT-006,LOT-006-W04,PHOTO_C,12,45,142.0,240.0,40.933,12,2026-07-22 10:00:00
LOT-008,LOT-008-W04,PHOTO_B,12,31,120.0,180.0,44.626,2,2026-07-23 02:00:00
LOT-007,LOT-007-W01,PHOTO_A,3,6,45.0,150.0,45.197,3,2026-07-22 15:00:00
LOT-001,LOT-001-W04,PHOTO_A,12,5,45.0,120.0,45.368,1,2026-07-20 18:00:00
LOT-008,LOT-008-W02,PHOTO_B,6,48,142.0,330.0,44.588,2,2026-07-23 00:00:00
LOT-012,LOT-012-W05,PHOTO_C,15,26,120.0,30.0,41.793,13,2026-07-24 11:00:00
LOT-007,LOT-007-W01,PHOTO_A,3,36,120.0,330.0,43.594,1,2026-07-22 15:00:00
LOT-001,LOT-001-W04,PHOTO_A,12,8,45.0,210.0,44.532,2,2026-07-20 18:00:00
LOT-006,LOT-006-W01,PHOTO_C,3,7,45.0,180.0,44.775,1,2026-07-22 07:00:00
LOT-003,LOT-003-W05,PHOTO_C,15,33,120.0,240.0,44.769,0,2026-07-21 11:00:00
LOT-004,LOT-004-W04,PHOTO_A,12,5,45.0,120.0,45.169,2,2026-07-21 18:00:00
LOT-001,LOT-001-W04,PHOTO_A,12,2,45.0,30.0,44.92,4,2026-07-20 18:00:00
LOT-006,LOT-006-W01,PHOTO_C,3,23,85.0,300.0,46.257,0,2026-07-22 07:00:00
LOT-012,LOT-012-W02,PHOTO_C,6,13,85.0,0.0,44.289,1,2026-07-24 08:00:00
LOT-001,LOT-001-W01,PHOTO_A,3,38,142.0,30.0,45.578,0,2026-07-20 15:00:00
LOT-009,LOT-009-W05,PHOTO_C,15,10,45.0,270.0,45.008,1,2026-07-23 11:00:00
LOT-006,LOT-006-W01,PHOTO_C,3,46,142.0,270.0,42.433,8,2026-07-22 07:00:00
LOT-012,LOT-012-W01,PHOTO_C,3,18,85.0,150.0,45.116,0,2026-07-24 07:00:00
LOT-001,LOT-001-W03,PHOTO_A,9,44,142.0,210.0,44.084,2,2026-07-20 17:00:00
LOT-011,LOT-011-W03,PHOTO_B,9,31,120.0,180.0,44.952,2,2026-07-24 01:00:00
LOT-011,LOT-011-W03,PHOTO_B,9,13,85.0,0.0,45.229,3,2026-07-24 01:00:00
LOT-007,LOT-007-W03,PHOTO_A,9,16,85.0,90.0,44.823,2,2026-07-22 17:00:00
LOT-007,LOT-007-W03,PHOTO_A,9,24,85.0,330.0,44.852,1,2026-07-22 17:00:00
LOT-007,LOT-007-W03,PHOTO_A,9,28,120.0,90.0,43.792,3,2026-07-22 17:00:00
LOT-004,LOT-004-W04,PHOTO_A,12,13,85.0,0.0,45.725,0,2026-07-21 18:00:00
LOT-007,LOT-007-W03,PHOTO_A,9,21,85.0,240.0,45.021,0,2026-07-22 17:00:00
LOT-004,LOT-004-W03,PHOTO_A,9,41,142.0,120.0,43.61,1,2026-07-21 17:00:00
LOT-008,LOT-008-W04,PHOTO_B,12,36,120.0,330.0,45.469,2,2026-07-23 02:00:00
LOT-001,LOT-001-W02,PHOTO_A,6,23,85.0,300.0,44.705,0,2026-07-20 16:00:00
LOT-008,LOT-008-W02,PHOTO_B,6,36,120.0,330.0,44.786,2,2026-07-23 00:00:00
LOT-009,LOT-009-W03,PHOTO_C,9,15,85.0,60.0,44.379,0,2026-07-23 09:00:00
LOT-008,LOT-008-W04,PHOTO_B,12,12,45.0,330.0,45.604,4,2026-07-23 02:00:00
LOT-008,LOT-008-W02,PHOTO_B,6,1,45.0,0.0,44.831,2,2026-07-23 00:00:00
LOT-001,LOT-001-W05,PHOTO_A,15,45,142.0,240.0,,0,2026-07-20 19:00:00
LOT-005,LOT-005-W03,PHOTO_B,9,12,45.0,330.0,45.333,0,2026-07-22 01:00:00
LOT-002,LOT-002-W03,PHOTO_B,9,32,120.0,210.0,43.875,0,2026-07-21 01:00:00
LOT-006,LOT-006-W05,PHOTO_C,15,26,120.0,30.0,42.504,8,2026-07-22 11:00:00
LOT-003,LOT-003-W05,PHOTO_C,15,26,120.0,30.0,44.004,4,2026-07-21 11:00:00
LOT-006,LOT-006-W03,PHOTO_C,9,7,45.0,180.0,44.678,2,2026-07-22 09:00:00
LOT-003,LOT-003-W04,PHOTO_C,12,9,45.0,240.0,44.495,2,2026-07-21 10:00:00
LOT-004,LOT-004-W02,PHOTO_A,6,37,142.0,0.0,44.211,3,2026-07-21 16:00:00
LOT-011,LOT-011-W05,PHOTO_B,15,5,45.0,120.0,,0,2026-07-24 03:00:00
LOT-007,LOT-007-W04,PHOTO_A,12,20,85.0,210.0,44.461,0,2026-07-22 18:00:00
LOT-006,LOT-006-W02,PHOTO_C,6,20,85.0,210.0,44.906,2,2026-07-22 08:00:00
LOT-004,LOT-004-W02,PHOTO_A,6,36,120.0,330.0,43.486,5,2026-07-21 16:00:00
LOT-002,LOT-002-W03,PHOTO_B,9,25,120.0,0.0,44.618,2,2026-07-21 01:00:00
LOT-011,LOT-011-W01,PHOTO_B,3,36,120.0,330.0,45.225,2,2026-07-23 23:00:00
LOT-004,LOT-004-W01,PHOTO_A,3,3,45.0,60.0,45.126,3,2026-07-21 15:00:00
LOT-001,LOT-001-W05,PHOTO_A,15,29,120.0,120.0,,4,2026-07-20 19:00:00
LOT-009,LOT-009-W01,PHOTO_C,3,1,45.0,0.0,44.938,2,2026-07-23 07:00:00
LOT-005,LOT-005-W02,PHOTO_B,6,18,85.0,150.0,45.423,0,2026-07-22 00:00:00
LOT-011,LOT-011-W02,PHOTO_B,6,38,142.0,30.0,45.265,2,2026-07-24 00:00:00
LOT-003,LOT-003-W02,PHOTO_C,6,18,85.0,150.0,44.691,4,2026-07-21 08:00:00
LOT-010,LOT-010-W05,PHOTO_A,15,34,120.0,270.0,44.906,1,2026-07-23 19:00:00
LOT-007,LOT-007-W01,PHOTO_A,3,9,45.0,240.0,43.583,1,2026-07-22 15:00:00
LOT-004,LOT-004-W03,PHOTO_A,9,13,85.0,0.0,44.323,4,2026-07-21 17:00:00
LOT-007,LOT-007-W02,PHOTO_A,6,23,85.0,300.0,45.001,2,2026-07-22 16:00:00
LOT-012,LOT-012-W02,PHOTO_C,6,29,120.0,120.0,40.942,9,2026-07-24 08:00:00
LOT-006,LOT-006-W01,PHOTO_C,3,19,85.0,180.0,0.043501,2,2026-07-22 07:00:00
LOT-011,LOT-011-W03,PHOTO_B,9,41,142.0,120.0,44.919,2,2026-07-24 01:00:00
LOT-008,LOT-008-W03,PHOTO_B,9,32,120.0,210.0,44.878,5,2026-07-23 01:00:00
LOT-004,LOT-004-W05,PHOTO_A,15,2,45.0,30.0,,2,2026-07-21 19:00:00
LOT-005,LOT-005-W04,PHOTO_B,12,20,85.0,210.0,46.617,3,2026-07-22 02:00:00
LOT-002,LOT-002-W05,PHOTO_B,15,46,142.0,270.0,46.447,0,2026-07-21 03:00:00
LOT-001,LOT-001-W03,PHOTO_A,9,45,142.0,240.0,43.909,0,2026-07-20 17:00:00
LOT-009,LOT-009-W05,PHOTO_C,15,16,85.0,90.0,,2,2026-07-23 11:00:00
LOT-005,LOT-005-W02,PHOTO_B,6,25,120.0,0.0,46.458,0,2026-07-22 00:00:00
LOT-002,LOT-002-W02,PHOTO_B,6,45,142.0,240.0,45.151,1,2026-07-21 00:00:00
LOT-007,LOT-007-W03,PHOTO_A,9,15,85.0,60.0,44.895,2,2026-07-22 17:00:00
LOT-003,LOT-003-W05,PHOTO_C,15,48,142.0,330.0,43.651,1,2026-07-21 11:00:00
LOT-002,LOT-002-W05,PHOTO_B,15,6,45.0,150.0,45.413,3,2026-07-21 03:00:00
LOT-007,LOT-007-W04,PHOTO_A,12,6,45.0,150.0,43.573,2,2026-07-22 18:00:00
LOT-001,LOT-001-W04,PHOTO_A,12,35,120.0,300.0,44.146,2,2026-07-20 18:00:00
LOT-010,LOT-010-W02,PHOTO_A,6,39,142.0,60.0,45.147,1,2026-07-23 16:00:00
LOT-006,LOT-006-W04,PHOTO_C,12,11,45.0,300.0,44.407,3,2026-07-22 10:00:00
LOT-008,LOT-008-W03,PHOTO_B,9,1,45.0,0.0,44.715,0,2026-07-23 01:00:00
LOT-009,LOT-009-W04,PHOTO_C,12,19,85.0,180.0,45.058,1,2026-07-23 10:00:00
LOT-008,LOT-008-W03,PHOTO_B,9,26,120.0,30.0,45.267,4,2026-07-23 01:00:00
LOT-010,LOT-010-W05,PHOTO_A,15,14,85.0,30.0,,0,2026-07-23 19:00:00
LOT-002,LOT-002-W05,PHOTO_B,15,7,45.0,180.0,44.902,2,2026-07-21 03:00:00
LOT-007,LOT-007-W02,PHOTO_A,6,46,142.0,270.0,44.258,2,2026-07-22 16:00:00
LOT-004,LOT-004-W05,PHOTO_A,15,21,85.0,240.0,44.376,3,2026-07-21 19:00:00
LOT-012,LOT-012-W04,PHOTO_C,12,2,45.0,30.0,45.386,1,2026-07-24 10:00:00
LOT-011,LOT-011-W02,PHOTO_B,6,24,85.0,330.0,46.232,2,2026-07-24 00:00:00
LOT-010,LOT-010-W04,PHOTO_A,12,21,85.0,240.0,45.034,1,2026-07-23 18:00:00
LOT-009,LOT-009-W03,PHOTO_C,9,39,142.0,60.0,41.595,8,2026-07-23 09:00:00
LOT-008,LOT-008-W05,PHOTO_B,15,28,120.0,90.0,45.072,1,2026-07-23 03:00:00
LOT-004,LOT-004-W04,PHOTO_A,12,7,45.0,180.0,44.717,2,2026-07-21 18:00:00
LOT-006,LOT-006-W03,PHOTO_C,9,33,120.0,240.0,42.161,8,2026-07-22 09:00:00
LOT-011,LOT-011-W03,PHOTO_B,9,15,85.0,60.0,44.875,0,2026-07-24 01:00:00
LOT-012,LOT-012-W03,PHOTO_C,9,17,85.0,120.0,45.481,1,2026-07-24 09:00:00
LOT-008,LOT-008-W04,PHOTO_B,12,33,120.0,240.0,45.719,3,2026-07-23 02:00:00
LOT-002,LOT-002-W01,PHOTO_B,3,48,142.0,330.0,0.045027,4,2026-07-20 23:00:00
LOT-007,LOT-007-W04,PHOTO_A,12,36,120.0,330.0,44.433,4,2026-07-22 18:00:00
LOT-009,LOT-009-W05,PHOTO_C,15,17,85.0,120.0,44.649,2,2026-07-23 11:00:00
LOT-003,LOT-003-W03,PHOTO_C,9,14,85.0,30.0,44.199,1,2026-07-21 09:00:00
LOT-002,LOT-002-W02,PHOTO_B,6,38,142.0,30.0,45.157,1,2026-07-21 00:00:00
LOT-001,LOT-001-W01,PHOTO_A,3,33,120.0,240.0,0.044675,1,2026-07-20 15:00:00
LOT-007,LOT-007-W01,PHOTO_A,3,12,45.0,330.0,43.975,1,2026-07-22 15:00:00
LOT-009,LOT-009-W02,PHOTO_C,6,27,120.0,60.0,41.537,7,2026-07-23 08:00:00
LOT-012,LOT-012-W01,PHOTO_C,3,33,120.0,240.0,41.973,3,2026-07-24 07:00:00
LOT-011,LOT-011-W01,PHOTO_B,3,47,142.0,300.0,46.275,1,2026-07-23 23:00:00
LOT-008,LOT-008-W02,PHOTO_B,6,27,120.0,60.0,45.675,0,2026-07-23 00:00:00
LOT-008,LOT-008-W03,PHOTO_B,9,16,85.0,90.0,45.54,1,2026-07-23 01:00:00
LOT-004,LOT-004-W02,PHOTO_A,6,1,45.0,0.0,45.789,3,2026-07-21 16:00:00
LOT-006,LOT-006-W02,PHOTO_C,6,31,120.0,180.0,41.005,7,2026-07-22 08:00:00
LOT-007,LOT-007-W03,PHOTO_A,9,30,120.0,150.0,44.326,1,2026-07-22 17:00:00
LOT-005,LOT-005-W03,PHOTO_B,9,32,120.0,210.0,44.889,3,2026-07-22 01:00:00
LOT-008,LOT-008-W01,PHOTO_B,3,30,120.0,150.0,45.803,0,2026-07-22 23:00:00
LOT-002,LOT-002-W03,PHOTO_B,9,37,142.0,0.0,44.707,4,2026-07-21 01:00:00
LOT-004,LOT-004-W03,PHOTO_A,9,36,120.0,330.0,43.617,0,2026-07-21 17:00:00
LOT-010,LOT-010-W01,PHOTO_A,3,15,85.0,60.0,45.2,2,2026-07-23 15:00:00
LOT-009,LOT-009-W02,PHOTO_C,6,40,142.0,90.0,41.178,7,2026-07-23 08:00:00
LOT-004,LOT-004-W04,PHOTO_A,12,35,120.0,300.0,43.554,4,2026-07-21 18:00:00
LOT-011,LOT-011-W04,PHOTO_B,12,48,142.0,330.0,45.833,1,2026-07-24 02:00:00
LOT-003,LOT-003-W05,PHOTO_C,15,0,0.0,0.0,45.043,1,2026-07-21 11:00:00
LOT-005,LOT-005-W03,PHOTO_B,9,5,45.0,120.0,45.454,0,2026-07-22 01:00:00
LOT-001,LOT-001-W04,PHOTO_A,12,13,85.0,0.0,45.278,0,2026-07-20 18:00:00
LOT-002,LOT-002-W01,PHOTO_B,3,4,45.0,90.0,46.517,2,2026-07-20 23:00:00
LOT-004,LOT-004-W03,PHOTO_A,9,25,120.0,0.0,45.222,2,2026-07-21 17:00:00
LOT-010,LOT-010-W03,PHOTO_A,9,1,45.0,0.0,44.861,2,2026-07-23 17:00:00
LOT-011,LOT-011-W02,PHOTO_B,6,20,85.0,210.0,44.685,0,2026-07-24 00:00:00
LOT-005,LOT-005-W03,PHOTO_B,9,31,120.0,180.0,45.072,1,2026-07-22 01:00:00
LOT-004,LOT-004-W03,PHOTO_A,9,47,142.0,300.0,45.092,2,2026-07-21 17:00:00
LOT-012,LOT-012-W02,PHOTO_C,6,17,85.0,120.0,44.364,1,2026-07-24 08:00:00
LOT-011,LOT-011-W03,PHOTO_B,9,7,45.0,180.0,45.346,0,2026-07-24 01:00:00
LOT-008,LOT-008-W04,PHOTO_B,12,5,45.0,120.0,45.084,2,2026-07-23 02:00:00
LOT-007,LOT-007-W03,PHOTO_A,9,39,142.0,60.0,44.212,0,2026-07-22 17:00:00
LOT-004,LOT-004-W05,PHOTO_A,15,30,120.0,150.0,44.47,3,2026-07-21 19:00:00
LOT-005,LOT-005-W05,PHOTO_B,15,42,142.0,150.0,45.412,3,2026-07-22 03:00:00
LOT-010,LOT-010-W02,PHOTO_A,6,18,85.0,150.0,44.71,1,2026-07-23 16:00:00
LOT-005,LOT-005-W01,PHOTO_B,3,25,120.0,0.0,45.413,0,2026-07-21 23:00:00
LOT-008,LOT-008-W02,PHOTO_B,6,11,45.0,300.0,45.345,2,2026-07-23 00:00:00
LOT-010,LOT-010-W03,PHOTO_A,9,11,45.0,300.0,43.894,3,2026-07-23 17:00:00
LOT-004,LOT-004-W04,PHOTO_A,12,10,45.0,270.0,45.394,0,2026-07-21 18:00:00
LOT-003,LOT-003-W05,PHOTO_C,15,45,142.0,240.0,,2,2026-07-21 11:00:00
LOT-011,LOT-011-W05,PHOTO_B,15,20,85.0,210.0,45.423,4,2026-07-24 03:00:00
LOT-006,LOT-006-W04,PHOTO_C,12,10,45.0,270.0,45.359,1,2026-07-22 10:00:00
LOT-012,LOT-012-W05,PHOTO_C,15,10,45.0,270.0,44.492,1,2026-07-24 11:00:00
LOT-009,LOT-009-W02,PHOTO_C,6,34,120.0,270.0,41.424,8,2026-07-23 08:00:00
LOT-010,LOT-010-W05,PHOTO_A,15,47,142.0,300.0,44.251,3,2026-07-23 19:00:00
LOT-011,LOT-011-W03,PHOTO_B,9,6,45.0,150.0,45.831,3,2026-07-24 01:00:00
LOT-002,LOT-002-W01,PHOTO_B,3,17,85.0,120.0,44.797,4,2026-07-20 23:00:00
LOT-012,LOT-012-W02,PHOTO_C,6,5,45.0,120.0,45.409,0,2026-07-24 08:00:00
LOT-001,LOT-001-W01,PHOTO_A,3,7,45.0,180.0,44.239,0,2026-07-20 15:00:00
LOT-006,LOT-006-W05,PHOTO_C,15,6,45.0,150.0,46.553,1,2026-07-22 11:00:00
LOT-008,LOT-008-W02,PHOTO_B,6,31,120.0,180.0,46.212,3,2026-07-23 00:00:00
LOT-011,LOT-011-W04,PHOTO_B,12,6,45.0,150.0,0.045863,1,2026-07-24 02:00:00
LOT-008,LOT-008-W02,PHOTO_B,6,40,142.0,90.0,45.486,2,2026-07-23 00:00:00
LOT-004,LOT-004-W01,PHOTO_A,3,35,120.0,300.0,44.52,1,2026-07-21 15:00:00
LOT-007,LOT-007-W02,PHOTO_A,6,34,120.0,270.0,44.895,2,2026-07-22 16:00:00
LOT-010,LOT-010-W04,PHOTO_A,12,19,85.0,180.0,45.504,2,2026-07-23 18:00:00
LOT-011,LOT-011-W05,PHOTO_B,15,35,120.0,300.0,44.974,1,2026-07-24 03:00:00
LOT-006,LOT-006-W01,PHOTO_C,3,12,45.0,330.0,45.229,1,2026-07-22 07:00:00
LOT-005,LOT-005-W04,PHOTO_B,12,40,142.0,90.0,45.538,2,2026-07-22 02:00:00
LOT-010,LOT-010-W05,PHOTO_A,15,46,142.0,270.0,44.627,2,2026-07-23 19:00:00
LOT-007,LOT-007-W05,PHOTO_A,15,17,85.0,120.0,44.585,1,2026-07-22 19:00:00
LOT-004,LOT-004-W02,PHOTO_A,6,42,142.0,150.0,44.642,2,2026-07-21 16:00:00
LOT-005,LOT-005-W04,PHOTO_B,12,48,142.0,330.0,44.993,0,2026-07-22 02:00:00
LOT-008,LOT-008-W05,PHOTO_B,15,12,45.0,330.0,46.079,4,2026-07-23 03:00:00
LOT-004,LOT-004-W04,PHOTO_A,12,15,85.0,60.0,44.052,3,2026-07-21 18:00:00
LOT-009,LOT-009-W01,PHOTO_C,3,43,142.0,180.0,40.782,6,2026-07-23 07:00:00
LOT-009,LOT-009-W01,PHOTO_C,3,27,120.0,60.0,41.078,1,2026-07-23 07:00:00
LOT-001,LOT-001-W01,PHOTO_A,3,30,120.0,150.0,44.111,1,2026-07-20 15:00:00
LOT-003,LOT-003-W01,PHOTO_C,3,6,45.0,150.0,44.803,0,2026-07-21 07:00:00
LOT-005,LOT-005-W02,PHOTO_B,6,40,142.0,90.0,45.7,2,2026-07-22 00:00:00
LOT-007,LOT-007-W01,PHOTO_A,3,29,120.0,120.0,44.669,2,2026-07-22 15:00:00
LOT-005,LOT-005-W03,PHOTO_B,9,22,85.0,270.0,46.154,2,2026-07-22 01:00:00
LOT-007,LOT-007-W03,PHOTO_A,9,46,142.0,270.0,44.637,3,2026-07-22 17:00:00
LOT-012,LOT-012-W04,PHOTO_C,12,23,85.0,300.0,44.656,3,2026-07-24 10:00:00
LOT-005,LOT-005-W05,PHOTO_B,15,0,0.0,0.0,,2,2026-07-22 03:00:00
LOT-009,LOT-009-W01,PHOTO_C,3,19,85.0,180.0,44.344,0,2026-07-23 07:00:00
LOT-001,LOT-001-W01,PHOTO_A,3,31,120.0,180.0,44.21,2,2026-07-20 15:00:00
LOT-003,LOT-003-W03,PHOTO_C,9,16,85.0,90.0,44.444,3,2026-07-21 09:00:00
LOT-010,LOT-010-W05,PHOTO_A,15,6,45.0,150.0,44.681,2,2026-07-23 19:00:00
LOT-010,LOT-010-W01,PHOTO_A,3,48,142.0,330.0,43.485,2,2026-07-23 15:00:00
LOT-004,LOT-004-W05,PHOTO_A,15,13,85.0,0.0,44.682,0,2026-07-21 19:00:00
LOT-004,LOT-004-W03,PHOTO_A,9,26,120.0,30.0,43.675,2,2026-07-21 17:00:00
LOT-011,LOT-011-W05,PHOTO_B,15,44,142.0,210.0,45.659,1,2026-07-24 03:00:00
LOT-002,LOT-002-W02,PHOTO_B,6,40,142.0,90.0,45.161,0,2026-07-21 00:00:00
LOT-001,LOT-001-W05,PHOTO_A,15,11,45.0,300.0,44.001,3,2026-07-20 19:00:00
LOT-010,LOT-010-W01,PHOTO_A,3,43,142.0,180.0,43.573,2,2026-07-23 15:00:00
LOT-010,LOT-010-W01,PHOTO_A,3,26,120.0,30.0,45.386,0,2026-07-23 15:00:00
LOT-005,LOT-005-W03,PHOTO_B,9,16,85.0,90.0,46.076,2,2026-07-22 01:00:00
LOT-011,LOT-011-W03,PHOTO_B,9,26,120.0,30.0,45.704,3,2026-07-24 01:00:00
LOT-002,LOT-002-W04,PHOTO_B,12,22,85.0,270.0,44.985,1,2026-07-21 02:00:00
LOT-004,LOT-004-W04,PHOTO_A,12,23,85.0,300.0,45.617,0,2026-07-21 18:00:00
LOT-004,LOT-004-W01,PHOTO_A,3,34,120.0,270.0,44.478,0,2026-07-21 15:00:00
LOT-011,LOT-011-W03,PHOTO_B,9,25,120.0,0.0,45.168,2,2026-07-24 01:00:00
LOT-011,LOT-011-W01,PHOTO_B,3,22,85.0,270.0,45.798,3,2026-07-23 23:00:00
LOT-002,LOT-002-W02,PHOTO_B,6,12,45.0,330.0,46.112,3,2026-07-21 00:00:00
LOT-012,LOT-012-W03,PHOTO_C,9,34,120.0,270.0,41.109,5,2026-07-24 09:00:00
LOT-007,LOT-007-W01,PHOTO_A,3,4,45.0,90.0,44.603,1,2026-07-22 15:00:00
LOT-009,LOT-009-W03,PHOTO_C,9,4,45.0,90.0,44.79,2,2026-07-23 09:00:00
LOT-012,LOT-012-W05,PHOTO_C,15,29,120.0,120.0,42.07,6,2026-07-24 11:00:00
LOT-001,LOT-001-W05,PHOTO_A,15,8,45.0,210.0,45.431,0,2026-07-20 19:00:00
LOT-012,LOT-012-W03,PHOTO_C,9,30,120.0,150.0,42.355,7,2026-07-24 09:00:00
LOT-002,LOT-002-W03,PHOTO_B,9,16,85.0,90.0,44.574,3,2026-07-21 01:00:00
LOT-010,LOT-010-W05,PHOTO_A,15,28,120.0,90.0,43.698,4,2026-07-23 19:00:00
LOT-010,LOT-010-W05,PHOTO_A,15,31,120.0,180.0,44.2,1,2026-07-23 19:00:00
LOT-008,LOT-008-W04,PHOTO_B,12,28,120.0,90.0,45.766,4,2026-07-23 02:00:00
LOT-006,LOT-006-W04,PHOTO_C,12,9,45.0,240.0,44.939,0,2026-07-22 10:00:00
LOT-004,LOT-004-W02,PHOTO_A,6,8,45.0,210.0,43.696,0,2026-07-21 16:00:00
LOT-008,LOT-008-W02,PHOTO_B,6,6,45.0,150.0,44.975,0,2026-07-23 00:00:00
LOT-011,LOT-011-W02,PHOTO_B,6,6,45.0,150.0,44.492,3,2026-07-24 00:00:00
LOT-007,LOT-007-W05,PHOTO_A,15,3,45.0,60.0,44.428,0,2026-07-22 19:00:00
LOT-007,LOT-007-W04,PHOTO_A,12,42,142.0,150.0,45.227,0,2026-07-22 18:00:00
LOT-004,LOT-004-W03,PHOTO_A,9,14,85.0,30.0,44.142,0,2026-07-21 17:00:00
LOT-010,LOT-010-W05,PHOTO_A,15,35,120.0,300.0,44.369,0,2026-07-23 19:00:00
LOT-004,LOT-004-W04,PHOTO_A,12,0,0.0,0.0,43.998,0,2026-07-21 18:00:00
LOT-009,LOT-009-W03,PHOTO_C,9,31,120.0,180.0,41.623,10,2026-07-23 09:00:00
LOT-009,LOT-009-W05,PHOTO_C,15,38,142.0,30.0,41.448,11,2026-07-23 11:00:00
LOT-006,LOT-006-W04,PHOTO_C,12,35,120.0,300.0,41.496,7,2026-07-22 10:00:00
LOT-011,LOT-011-W04,PHOTO_B,12,7,45.0,180.0,45.757,4,2026-07-24 02:00:00
LOT-007,LOT-007-W03,PHOTO_A,9,9,45.0,240.0,45.331,2,2026-07-22 17:00:00
LOT-007,LOT-007-W02,PHOTO_A,6,29,120.0,120.0,44.713,2,2026-07-22 16:00:00
LOT-012,LOT-012-W04,PHOTO_C,12,39,142.0,60.0,41.258,8,2026-07-24 10:00:00
LOT-011,LOT-011-W01,PHOTO_B,3,45,142.0,240.0,45.283,0,2026-07-23 23:00:00
LOT-011,LOT-011-W01,PHOTO_B,3,19,85.0,180.0,45.234,2,2026-07-23 23:00:00
LOT-006,LOT-006-W01,PHOTO_C,3,34,120.0,270.0,42.565,8,2026-07-22 07:00:00
LOT-001,LOT-001-W05,PHOTO_A,15,3,45.0,60.0,44.764,4,2026-07-20 19:00:00
LOT-003,LOT-003-W02,PHOTO_C,6,4,45.0,90.0,44.575,4,2026-07-21 08:00:00
LOT-003,LOT-003-W04,PHOTO_C,12,42,142.0,150.0,44.687,4,2026-07-21 10:00:00
LOT-005,LOT-005-W02,PHOTO_B,6,10,45.0,270.0,45.075,2,2026-07-22 00:00:00
LOT-009,LOT-009-W04,PHOTO_C,12,2,45.0,30.0,44.684,3,2026-07-23 10:00:00
LOT-004,LOT-004-W02,PHOTO_A,6,17,85.0,120.0,44.977,0,2026-07-21 16:00:00
LOT-012,LOT-012-W02,PHOTO_C,6,18,85.0,150.0,44.129,2,2026-07-24 08:00:00
LOT-011,LOT-011-W02,PHOTO_B,6,34,120.0,270.0,44.678,1,2026-07-24 00:00:00
LOT-011,LOT-011-W03,PHOTO_B,9,44,142.0,210.0,44.935,1,2026-07-24 01:00:00
LOT-002,LOT-002-W01,PHOTO_B,3,38,142.0,30.0,44.67,2,2026-07-20 23:00:00
LOT-010,LOT-010-W05,PHOTO_A,15,19,85.0,180.0,,3,2026-07-23 19:00:00
LOT-004,LOT-004-W02,PHOTO_A,6,26,120.0,30.0,45.314,0,2026-07-21 16:00:00
LOT-006,LOT-006-W04,PHOTO_C,12,12,45.0,330.0,45.526,3,2026-07-22 10:00:00
LOT-001,LOT-001-W05,PHOTO_A,15,47,142.0,300.0,45.248,1,2026-07-20 19:00:00
LOT-003,LOT-003-W02,PHOTO_C,6,0,0.0,0.0,46.046,1,2026-07-21 08:00:00
LOT-001,LOT-001-W04,PHOTO_A,12,6,45.0,150.0,43.835,4,2026-07-20 18:00:00
LOT-002,LOT-002-W03,PHOTO_B,9,33,120.0,240.0,44.656,0,2026-07-21 01:00:00
LOT-006,LOT-006-W01,PHOTO_C,3,25,120.0,0.0,42.408,2,2026-07-22 07:00:00
LOT-001,LOT-001-W02,PHOTO_A,6,18,85.0,150.0,44.058,3,2026-07-20 16:00:00
LOT-010,LOT-010-W03,PHOTO_A,9,45,142.0,240.0,44.492,4,2026-07-23 17:00:00
LOT-004,LOT-004-W02,PHOTO_A,6,39,142.0,60.0,44.979,0,2026-07-21 16:00:00
LOT-011,LOT-011-W01,PHOTO_B,3,7,45.0,180.0,45.724,2,2026-07-23 23:00:00
LOT-004,LOT-004-W05,PHOTO_A,15,20,85.0,210.0,45.611,0,2026-07-21 19:00:00
LOT-010,LOT-010-W04,PHOTO_A,12,15,85.0,60.0,44.404,2,2026-07-23 18:00:00
LOT-006,LOT-006-W05,PHOTO_C,15,18,85.0,150.0,44.581,1,2026-07-22 11:00:00
LOT-007,LOT-007-W04,PHOTO_A,12,48,142.0,330.0,44.276,0,2026-07-22 18:00:00
LOT-011,LOT-011-W04,PHOTO_B,12,43,142.0,180.0,44.781,1,2026-07-24 02:00:00
LOT-002,LOT-002-W05,PHOTO_B,15,10,45.0,270.0,45.566,1,2026-07-21 03:00:00
LOT-007,LOT-007-W01,PHOTO_A,3,25,120.0,0.0,44.874,2,2026-07-22 15:00:00
LOT-007,LOT-007-W02,PHOTO_A,6,32,120.0,210.0,44.425,1,2026-07-22 16:00:00
LOT-008,LOT-008-W03,PHOTO_B,9,23,85.0,300.0,44.797,1,2026-07-23 01:00:00
LOT-012,LOT-012-W01,PHOTO_C,3,8,45.0,210.0,46.052,5,2026-07-24 07:00:00
LOT-012,LOT-012-W02,PHOTO_C,6,20,85.0,210.0,44.707,1,2026-07-24 08:00:00
LOT-009,LOT-009-W05,PHOTO_C,15,48,142.0,330.0,40.311,6,2026-07-23 11:00:00
LOT-005,LOT-005-W05,PHOTO_B,15,37,142.0,0.0,45.043,1,2026-07-22 03:00:00
LOT-002,LOT-002-W02,PHOTO_B,6,23,85.0,300.0,45.085,0,2026-07-21 00:00:00
LOT-006,LOT-006-W01,PHOTO_C,3,40,142.0,90.0,41.605,8,2026-07-22 07:00:00
LOT-006,LOT-006-W05,PHOTO_C,15,20,85.0,210.0,44.649,3,2026-07-22 11:00:00
LOT-003,LOT-003-W04,PHOTO_C,12,12,45.0,330.0,44.885,2,2026-07-21 10:00:00
LOT-004,LOT-004-W01,PHOTO_A,3,9,45.0,240.0,44.191,2,2026-07-21 15:00:00
LOT-004,LOT-004-W01,PHOTO_A,3,24,85.0,330.0,44.74,1,2026-07-21 15:00:00
LOT-005,LOT-005-W02,PHOTO_B,6,33,120.0,240.0,45.865,0,2026-07-22 00:00:00
LOT-005,LOT-005-W03,PHOTO_B,9,44,142.0,210.0,0.046375,0,2026-07-22 01:00:00
LOT-004,LOT-004-W01,PHOTO_A,3,8,45.0,210.0,44.034,2,2026-07-21 15:00:00
LOT-005,LOT-005-W02,PHOTO_B,6,6,45.0,150.0,45.458,2,2026-07-22 00:00:00
LOT-012,LOT-012-W01,PHOTO_C,3,32,120.0,210.0,41.866,7,2026-07-24 07:00:00
LOT-009,LOT-009-W04,PHOTO_C,12,14,85.0,30.0,44.28,4,2026-07-23 10:00:00
LOT-001,LOT-001-W03,PHOTO_A,9,27,120.0,60.0,44.205,0,2026-07-20 17:00:00
LOT-002,LOT-002-W02,PHOTO_B,6,3,45.0,60.0,45.129,2,2026-07-21 00:00:00
LOT-011,LOT-011-W02,PHOTO_B,6,5,45.0,120.0,45.263,1,2026-07-24 00:00:00
LOT-012,LOT-012-W01,PHOTO_C,3,38,142.0,30.0,40.665,5,2026-07-24 07:00:00
LOT-004,LOT-004-W01,PHOTO_A,3,5,45.0,120.0,45.355,2,2026-07-21 15:00:00
LOT-005,LOT-005-W02,PHOTO_B,6,9,45.0,240.0,45.619,0,2026-07-22 00:00:00
LOT-005,LOT-005-W03,PHOTO_B,9,0,0.0,0.0,46.647,1,2026-07-22 01:00:00
LOT-011,LOT-011-W05,PHOTO_B,15,37,142.0,0.0,,1,2026-07-24 03:00:00
LOT-003,LOT-003-W02,PHOTO_C,6,36,120.0,330.0,44.643,0,2026-07-21 08:00:00
LOT-010,LOT-010-W02,PHOTO_A,6,47,142.0,300.0,0.044771,2,2026-07-23 16:00:00
LOT-012,LOT-012-W04,PHOTO_C,12,35,120.0,300.0,41.474,14,2026-07-24 10:00:00
LOT-009,LOT-009-W01,PHOTO_C,3,36,120.0,330.0,41.503,8,2026-07-23 07:00:00
LOT-001,LOT-001-W05,PHOTO_A,15,28,120.0,90.0,46.004,0,2026-07-20 19:00:00
LOT-010,LOT-010-W02,PHOTO_A,6,5,45.0,120.0,44.495,4,2026-07-23 16:00:00
LOT-002,LOT-002-W05,PHOTO_B,15,36,120.0,330.0,45.203,1,2026-07-21 03:00:00
LOT-001,LOT-001-W04,PHOTO_A,12,23,85.0,300.0,45.105,0,2026-07-20 18:00:00
LOT-010,LOT-010-W02,PHOTO_A,6,26,120.0,30.0,44.991,0,2026-07-23 16:00:00
LOT-010,LOT-010-W03,PHOTO_A,9,22,85.0,270.0,44.763,1,2026-07-23 17:00:00
LOT-009,LOT-009-W04,PHOTO_C,12,22,85.0,270.0,44.17,2,2026-07-23 10:00:00
LOT-005,LOT-005-W03,PHOTO_B,9,21,85.0,240.0,45.33,1,2026-07-22 01:00:00
LOT-001,LOT-001-W02,PHOTO_A,6,21,85.0,240.0,44.803,2,2026-07-20 16:00:00
LOT-005,LOT-005-W03,PHOTO_B,9,30,120.0,150.0,44.527,2,2026-07-22 01:00:00
LOT-007,LOT-007-W01,PHOTO_A,3,18,85.0,150.0,45.498,3,2026-07-22 15:00:00
LOT-003,LOT-003-W01,PHOTO_C,3,45,142.0,240.0,44.088,0,2026-07-21 07:00:00
LOT-010,LOT-010-W03,PHOTO_A,9,28,120.0,90.0,44.538,0,2026-07-23 17:00:00
LOT-003,LOT-003-W04,PHOTO_C,12,2,45.0,30.0,45.394,2,2026-07-21 10:00:00
LOT-004,LOT-004-W03,PHOTO_A,9,10,45.0,270.0,45.966,0,2026-07-21 17:00:00
LOT-004,LOT-004-W03,PHOTO_A,9,22,85.0,270.0,44.383,4,2026-07-21 17:00:00
LOT-001,LOT-001-W01,PHOTO_A,3,12,45.0,330.0,45.162,3,2026-07-20 15:00:00
LOT-005,LOT-005-W05,PHOTO_B,15,17,85.0,120.0,45.949,1,2026-07-22 03:00:00
LOT-010,LOT-010-W02,PHOTO_A,6,14,85.0,30.0,44.254,1,2026-07-23 16:00:00
LOT-006,LOT-006-W02,PHOTO_C,6,30,120.0,150.0,41.272,4,2026-07-22 08:00:00
LOT-003,LOT-003-W05,PHOTO_C,15,32,120.0,210.0,44.402,1,2026-07-21 11:00:00
LOT-008,LOT-008-W04,PHOTO_B,12,8,45.0,210.0,45.023,2,2026-07-23 02:00:00
LOT-006,LOT-006-W01,PHOTO_C,3,42,142.0,150.0,40.631,6,2026-07-22 07:00:00
LOT-008,LOT-008-W01,PHOTO_B,3,39,142.0,60.0,43.809,0,2026-07-22 23:00:00
LOT-001,LOT-001-W03,PHOTO_A,9,29,120.0,120.0,44.958,4,2026-07-20 17:00:00
LOT-003,LOT-003-W01,PHOTO_C,3,29,120.0,120.0,44.355,2,2026-07-21 07:00:00
LOT-003,LOT-003-W05,PHOTO_C,15,19,85.0,180.0,45.381,1,2026-07-21 11:00:00
LOT-005,LOT-005-W04,PHOTO_B,12,25,120.0,0.0,44.999,3,2026-07-22 02:00:00
LOT-003,LOT-003-W04,PHOTO_C,12,37,142.0,0.0,43.643,1,2026-07-21 10:00:00
LOT-010,LOT-010-W04,PHOTO_A,12,2,45.0,30.0,44.322,1,2026-07-23 18:00:00
LOT-002,LOT-002-W04,PHOTO_B,12,14,85.0,30.0,45.532,2,2026-07-21 02:00:00
LOT-003,LOT-003-W04,PHOTO_C,12,30,120.0,150.0,43.63,1,2026-07-21 10:00:00
LOT-010,LOT-010-W04,PHOTO_A,12,37,142.0,0.0,44.394,0,2026-07-23 18:00:00
LOT-001,LOT-001-W01,PHOTO_A,3,22,85.0,270.0,44.616,1,2026-07-20 15:00:00
LOT-012,LOT-012-W03,PHOTO_C,9,23,85.0,300.0,44.72,3,2026-07-24 09:00:00
LOT-012,LOT-012-W03,PHOTO_C,9,21,85.0,240.0,45.453,1,2026-07-24 09:00:00
LOT-011,LOT-011-W02,PHOTO_B,6,9,45.0,240.0,45.467,2,2026-07-24 00:00:00
LOT-012,LOT-012-W01,PHOTO_C,3,34,120.0,270.0,40.822,7,2026-07-24 07:00:00
LOT-007,LOT-007-W01,PHOTO_A,3,40,142.0,90.0,44.125,3,2026-07-22 15:00:00
LOT-003,LOT-003-W05,PHOTO_C,15,13,85.0,0.0,44.897,1,2026-07-21 11:00:00
LOT-012,LOT-012-W05,PHOTO_C,15,7,45.0,180.0,44.895,0,2026-07-24 11:00:00
LOT-009,LOT-009-W01,PHOTO_C,3,39,142.0,60.0,41.665,8,2026-07-23 07:00:00
LOT-009,LOT-009-W01,PHOTO_C,3,2,45.0,30.0,45.166,4,2026-07-23 07:00:00
LOT-009,LOT-009-W02,PHOTO_C,6,1,45.0,0.0,44.107,3,2026-07-23 08:00:00
LOT-011,LOT-011-W04,PHOTO_B,12,44,142.0,210.0,44.433,1,2026-07-24 02:00:00
LOT-002,LOT-002-W05,PHOTO_B,15,23,85.0,300.0,45.162,1,2026-07-21 03:00:00
LOT-010,LOT-010-W01,PHOTO_A,3,12,45.0,330.0,45.354,1,2026-07-23 15:00:00
LOT-008,LOT-008-W04,PHOTO_B,12,43,142.0,180.0,44.744,1,2026-07-23 02:00:00
LOT-008,LOT-008-W03,PHOTO_B,9,33,120.0,240.0,44.846,1,2026-07-23 01:00:00
LOT-004,LOT-004-W01,PHOTO_A,3,41,142.0,120.0,45.279,3,2026-07-21 15:00:00
LOT-005,LOT-005-W02,PHOTO_B,6,24,85.0,330.0,45.087,0,2026-07-22 00:00:00
LOT-001,LOT-001-W05,PHOTO_A,15,4,45.0,90.0,,1,2026-07-20 19:00:00
LOT-007,LOT-007-W04,PHOTO_A,12,25,120.0,0.0,45.248,2,2026-07-22 18:00:00
LOT-009,LOT-009-W03,PHOTO_C,9,42,142.0,150.0,40.762,8,2026-07-23 09:00:00
LOT-011,LOT-011-W04,PHOTO_B,12,37,142.0,0.0,45.274,1,2026-07-24 02:00:00
LOT-003,LOT-003-W03,PHOTO_C,9,10,45.0,270.0,44.286,0,2026-07-21 09:00:00
LOT-009,LOT-009-W02,PHOTO_C,6,45,142.0,240.0,41.142,4,2026-07-23 08:00:00
LOT-002,LOT-002-W03,PHOTO_B,9,5,45.0,120.0,45.877,1,2026-07-21 01:00:00
LOT-010,LOT-010-W05,PHOTO_A,15,30,120.0,150.0,44.06,1,2026-07-23 19:00:00
LOT-005,LOT-005-W04,PHOTO_B,12,38,142.0,30.0,45.046,2,2026-07-22 02:00:00
LOT-004,LOT-004-W02,PHOTO_A,6,38,142.0,30.0,44.629,2,2026-07-21 16:00:00
LOT-008,LOT-008-W03,PHOTO_B,9,21,85.0,240.0,45.617,0,2026-07-23 01:00:00
LOT-009,LOT-009-W02,PHOTO_C,6,26,120.0,30.0,43.392,8,2026-07-23 08:00:00
LOT-007,LOT-007-W02,PHOTO_A,6,14,85.0,30.0,44.887,0,2026-07-22 16:00:00
LOT-002,LOT-002-W04,PHOTO_B,12,24,85.0,330.0,45.432,4,2026-07-21 02:00:00
LOT-012,LOT-012-W04,PHOTO_C,12,47,142.0,300.0,41.805,8,2026-07-24 10:00:00
LOT-009,LOT-009-W03,PHOTO_C,9,29,120.0,120.0,40.594,7,2026-07-23 09:00:00
LOT-005,LOT-005-W03,PHOTO_B,9,45,142.0,240.0,45.436,0,2026-07-22 01:00:00
LOT-002,LOT-002-W01,PHOTO_B,3,42,142.0,150.0,45.479,3,2026-07-20 23:00:00
LOT-012,LOT-012-W05,PHOTO_C,15,40,142.0,90.0,42.058,8,2026-07-24 11:00:00
LOT-008,LOT-008-W05,PHOTO_B,15,48,142.0,330.0,45.837,1,2026-07-23 03:00:00
LOT-001,LOT-001-W03,PHOTO_A,9,20,85.0,210.0,43.828,3,2026-07-20 17:00:00
LOT-009,LOT-009-W04,PHOTO_C,12,26,120.0,30.0,40.543,5,2026-07-23 10:00:00
LOT-005,LOT-005-W03,PHOTO_B,9,48,142.0,330.0,44.095,3,2026-07-22 01:00:00
LOT-012,LOT-012-W05,PHOTO_C,15,33,120.0,240.0,40.45,9,2026-07-24 11:00:00
LOT-003,LOT-003-W03,PHOTO_C,9,9,45.0,240.0,44.66,3,2026-07-21 09:00:00
LOT-009,LOT-009-W05,PHOTO_C,15,14,85.0,30.0,44.926,0,2026-07-23 11:00:00
LOT-010,LOT-010-W01,PHOTO_A,3,11,45.0,300.0,45.161,0,2026-07-23 15:00:00
LOT-012,LOT-012-W04,PHOTO_C,12,48,142.0,330.0,40.553,5,2026-07-24 10:00:00
LOT-005,LOT-005-W04,PHOTO_B,12,37,142.0,0.0,44.895,0,2026-07-22 02:00:00
LOT-004,LOT-004-W05,PHOTO_A,15,3,45.0,60.0,,0,2026-07-21 19:00:00
LOT-002,LOT-002-W04,PHOTO_B,12,43,142.0,180.0,44.717,4,2026-07-21 02:00:00
LOT-009,LOT-009-W03,PHOTO_C,9,32,120.0,210.0,40.52,5,2026-07-23 09:00:00
LOT-001,LOT-001-W03,PHOTO_A,9,48,142.0,330.0,42.684,3,2026-07-20 17:00:00
LOT-005,LOT-005-W02,PHOTO_B,6,45,142.0,240.0,45.503,1,2026-07-22 00:00:00
LOT-001,LOT-001-W03,PHOTO_A,9,17,85.0,120.0,44.454,3,2026-07-20 17:00:00
LOT-007,LOT-007-W05,PHOTO_A,15,2,45.0,30.0,,2,2026-07-22 19:00:00
LOT-006,LOT-006-W05,PHOTO_C,15,43,142.0,180.0,41.398,7,2026-07-22 11:00:00
LOT-010,LOT-010-W01,PHOTO_A,3,1,45.0,0.0,45.316,0,2026-07-23 15:00:00
LOT-005,LOT-005-W01,PHOTO_B,3,43,142.0,180.0,45.755,1,2026-07-21 23:00:00
LOT-006,LOT-006-W05,PHOTO_C,15,15,85.0,60.0,44.267,3,2026-07-22 11:00:00
LOT-006,LOT-006-W05,PHOTO_C,15,5,45.0,120.0,0.044388,2,2026-07-22 11:00:00
LOT-008,LOT-008-W01,PHOTO_B,3,32,120.0,210.0,44.999,2,2026-07-22 23:00:00
LOT-011,LOT-011-W03,PHOTO_B,9,1,45.0,0.0,45.818,2,2026-07-24 01:00:00
LOT-011,LOT-011-W01,PHOTO_B,3,41,142.0,120.0,44.623,2,2026-07-23 23:00:00
LOT-006,LOT-006-W02,PHOTO_C,6,1,45.0,0.0,44.234,0,2026-07-22 08:00:00
LOT-007,LOT-007-W03,PHOTO_A,9,22,85.0,270.0,44.553,2,2026-07-22 17:00:00
LOT-002,LOT-002-W03,PHOTO_B,9,18,85.0,150.0,44.386,3,2026-07-21 01:00:00
LOT-011,LOT-011-W04,PHOTO_B,12,33,120.0,240.0,44.491,3,2026-07-24 02:00:00
LOT-012,LOT-012-W05,PHOTO_C,15,16,85.0,90.0,45.337,1,2026-07-24 11:00:00
LOT-006,LOT-006-W04,PHOTO_C,12,1,45.0,0.0,45.305,2,2026-07-22 10:00:00
LOT-007,LOT-007-W03,PHOTO_A,9,40,142.0,90.0,44.218,1,2026-07-22 17:00:00
LOT-003,LOT-003-W03,PHOTO_C,9,43,142.0,180.0,44.53,0,2026-07-21 09:00:00
LOT-003,LOT-003-W03,PHOTO_C,9,6,45.0,150.0,44.252,3,2026-07-21 09:00:00
LOT-006,LOT-006-W05,PHOTO_C,15,45,142.0,240.0,,10,2026-07-22 11:00:00
LOT-009,LOT-009-W03,PHOTO_C,9,28,120.0,90.0,42.02,5,2026-07-23 09:00:00
LOT-002,LOT-002-W03,PHOTO_B,9,43,142.0,180.0,46.15,1,2026-07-21 01:00:00
LOT-006,LOT-006-W01,PHOTO_C,3,48,142.0,330.0,40.73,7,2026-07-22 07:00:00
LOT-001,LOT-001-W04,PHOTO_A,12,44,142.0,210.0,44.308,2,2026-07-20 18:00:00
LOT-004,LOT-004-W04,PHOTO_A,12,6,45.0,150.0,44.317,0,2026-07-21 18:00:00
LOT-008,LOT-008-W01,PHOTO_B,3,0,0.0,0.0,45.649,0,2026-07-22 23:00:00
LOT-005,LOT-005-W05,PHOTO_B,15,35,120.0,300.0,46.168,2,2026-07-22 03:00:00
LOT-008,LOT-008-W04,PHOTO_B,12,14,85.0,30.0,45.821,0,2026-07-23 02:00:00
LOT-001,LOT-001-W02,PHOTO_A,6,46,142.0,270.0,43.573,0,2026-07-20 16:00:00
LOT-006,LOT-006-W05,PHOTO_C,15,4,45.0,90.0,,3,2026-07-22 11:00:00
LOT-005,LOT-005-W02,PHOTO_B,6,27,120.0,60.0,44.816,0,2026-07-22 00:00:00
LOT-002,LOT-002-W01,PHOTO_B,3,46,142.0,270.0,45.445,0,2026-07-20 23:00:00
LOT-007,LOT-007-W04,PHOTO_A,12,19,85.0,180.0,45.371,2,2026-07-22 18:00:00
LOT-002,LOT-002-W02,PHOTO_B,6,25,120.0,0.0,45.831,1,2026-07-21 00:00:00
LOT-002,LOT-002-W04,PHOTO_B,12,8,45.0,210.0,44.684,1,2026-07-21 02:00:00
LOT-011,LOT-011-W04,PHOTO_B,12,31,120.0,180.0,45.494,2,2026-07-24 02:00:00
LOT-001,LOT-001-W02,PHOTO_A,6,45,142.0,240.0,44.885,2,2026-07-20 16:00:00
LOT-009,LOT-009-W05,PHOTO_C,15,31,120.0,180.0,41.201,3,2026-07-23 11:00:00
LOT-005,LOT-005-W02,PHOTO_B,6,38,142.0,30.0,45.291,1,2026-07-22 00:00:00
LOT-010,LOT-010-W01,PHOTO_A,3,27,120.0,60.0,44.795,0,2026-07-23 15:00:00
LOT-007,LOT-007-W04,PHOTO_A,12,33,120.0,240.0,45.201,2,2026-07-22 18:00:00
LOT-009,LOT-009-W01,PHOTO_C,3,31,120.0,180.0,41.922,6,2026-07-23 07:00:00
LOT-010,LOT-010-W04,PHOTO_A,12,23,85.0,300.0,44.497,1,2026-07-23 18:00:00
LOT-005,LOT-005-W01,PHOTO_B,3,26,120.0,30.0,44.336,2,2026-07-21 23:00:00
LOT-010,LOT-010-W03,PHOTO_A,9,35,120.0,300.0,45.262,1,2026-07-23 17:00:00
LOT-003,LOT-003-W05,PHOTO_C,15,7,45.0,180.0,44.57,2,2026-07-21 11:00:00
LOT-010,LOT-010-W04,PHOTO_A,12,16,85.0,90.0,44.211,1,2026-07-23 18:00:00
LOT-008,LOT-008-W02,PHOTO_B,6,29,120.0,120.0,44.438,0,2026-07-23 00:00:00
LOT-010,LOT-010-W01,PHOTO_A,3,30,120.0,150.0,44.44,2,2026-07-23 15:00:00
LOT-001,LOT-001-W01,PHOTO_A,3,20,85.0,210.0,44.698,2,2026-07-20 15:00:00
LOT-008,LOT-008-W05,PHOTO_B,15,13,85.0,0.0,45.391,1,2026-07-23 03:00:00
LOT-007,LOT-007-W02,PHOTO_A,6,41,142.0,120.0,44.404,0,2026-07-22 16:00:00
LOT-003,LOT-003-W01,PHOTO_C,3,16,85.0,90.0,44.823,1,2026-07-21 07:00:00
LOT-002,LOT-002-W05,PHOTO_B,15,24,85.0,330.0,45.333,0,2026-07-21 03:00:00
LOT-004,LOT-004-W05,PHOTO_A,15,22,85.0,270.0,,3,2026-07-21 19:00:00
LOT-001,LOT-001-W04,PHOTO_A,12,39,142.0,60.0,45.229,5,2026-07-20 18:00:00
LOT-010,LOT-010-W03,PHOTO_A,9,30,120.0,150.0,45.485,0,2026-07-23 17:00:00
LOT-010,LOT-010-W03,PHOTO_A,9,46,142.0,270.0,44.409,0,2026-07-23 17:00:00
LOT-010,LOT-010-W05,PHOTO_A,15,21,85.0,240.0,44.924,1,2026-07-23 19:00:00
LOT-007,LOT-007-W03,PHOTO_A,9,34,120.0,270.0,45.207,3,2026-07-22 17:00:00
LOT-008,LOT-008-W03,PHOTO_B,9,19,85.0,180.0,45.322,1,2026-07-23 01:00:00
LOT-006,LOT-006-W02,PHOTO_C,6,17,85.0,120.0,45.053,1,2026-07-22 08:00:00
LOT-011,LOT-011-W05,PHOTO_B,15,9,45.0,240.0,,1,2026-07-24 03:00:00
LOT-004,LOT-004-W03,PHOTO_A,9,24,85.0,330.0,44.248,2,2026-07-21 17:00:00
LOT-006,LOT-006-W03,PHOTO_C,9,12,45.0,330.0,45.112,2,2026-07-22 09:00:00
LOT-004,LOT-004-W02,PHOTO_A,6,22,85.0,270.0,45.62,2,2026-07-21 16:00:00
LOT-007,LOT-007-W05,PHOTO_A,15,36,120.0,330.0,44.019,1,2026-07-22 19:00:00
LOT-010,LOT-010-W02,PHOTO_A,6,43,142.0,180.0,45.174,1,2026-07-23 16:00:00
LOT-007,LOT-007-W04,PHOTO_A,12,9,45.0,240.0,46.21,1,2026-07-22 18:00:00
LOT-009,LOT-009-W01,PHOTO_C,3,30,120.0,150.0,41.975,6,2026-07-23 07:00:00
LOT-005,LOT-005-W05,PHOTO_B,15,31,120.0,180.0,45.56,2,2026-07-22 03:00:00
LOT-004,LOT-004-W02,PHOTO_A,6,24,85.0,330.0,44.42,1,2026-07-21 16:00:00
LOT-010,LOT-010-W02,PHOTO_A,6,23,85.0,300.0,43.477,3,2026-07-23 16:00:00
LOT-007,LOT-007-W05,PHOTO_A,15,24,85.0,330.0,44.683,1,2026-07-22 19:00:00
LOT-004,LOT-004-W01,PHOTO_A,3,12,45.0,330.0,45.887,2,2026-07-21 15:00:00
LOT-007,LOT-007-W04,PHOTO_A,12,11,45.0,300.0,45.157,2,2026-07-22 18:00:00
LOT-002,LOT-002-W05,PHOTO_B,15,9,45.0,240.0,44.809,3,2026-07-21 03:00:00
LOT-010,LOT-010-W03,PHOTO_A,9,6,45.0,150.0,43.981,1,2026-07-23 17:00:00
LOT-011,LOT-011-W01,PHOTO_B,3,5,45.0,120.0,46.089,3,2026-07-23 23:00:00
LOT-006,LOT-006-W01,PHOTO_C,3,18,85.0,150.0,0.044886,1,2026-07-22 07:00:00
LOT-005,LOT-005-W02,PHOTO_B,6,23,85.0,300.0,45.089,0,2026-07-22 00:00:00
LOT-011,LOT-011-W05,PHOTO_B,15,40,142.0,90.0,45.006,0,2026-07-24 03:00:00
LOT-012,LOT-012-W05,PHOTO_C,15,17,85.0,120.0,44.525,4,2026-07-24 11:00:00
LOT-010,LOT-010-W03,PHOTO_A,9,19,85.0,180.0,44.836,0,2026-07-23 17:00:00
LOT-007,LOT-007-W04,PHOTO_A,12,45,142.0,240.0,42.857,0,2026-07-22 18:00:00
LOT-001,LOT-001-W02,PHOTO_A,6,32,120.0,210.0,44.733,2,2026-07-20 16:00:00
LOT-002,LOT-002-W04,PHOTO_B,12,46,142.0,270.0,46.119,1,2026-07-21 02:00:00
LOT-009,LOT-009-W03,PHOTO_C,9,35,120.0,300.0,42.441,9,2026-07-23 09:00:00
LOT-003,LOT-003-W05,PHOTO_C,15,18,85.0,150.0,,3,2026-07-21 11:00:00
LOT-003,LOT-003-W03,PHOTO_C,9,32,120.0,210.0,44.758,6,2026-07-21 09:00:00
LOT-010,LOT-010-W01,PHOTO_A,3,16,85.0,90.0,45.38,1,2026-07-23 15:00:00
LOT-005,LOT-005-W01,PHOTO_B,3,11,45.0,300.0,45.589,0,2026-07-21 23:00:00
LOT-011,LOT-011-W04,PHOTO_B,12,23,85.0,300.0,45.326,1,2026-07-24 02:00:00
LOT-004,LOT-004-W05,PHOTO_A,15,14,85.0,30.0,43.876,1,2026-07-21 19:00:00
LOT-001,LOT-001-W03,PHOTO_A,9,0,0.0,0.0,45.328,1,2026-07-20 17:00:00
LOT-010,LOT-010-W05,PHOTO_A,15,39,142.0,60.0,44.479,0,2026-07-23 19:00:00
LOT-007,LOT-007-W05,PHOTO_A,15,20,85.0,210.0,44.493,2,2026-07-22 19:00:00
LOT-005,LOT-005-W05,PHOTO_B,15,11,45.0,300.0,45.063,0,2026-07-22 03:00:00
LOT-002,LOT-002-W02,PHOTO_B,6,5,45.0,120.0,45.713,1,2026-07-21 00:00:00
LOT-001,LOT-001-W05,PHOTO_A,15,2,45.0,30.0,,0,2026-07-20 19:00:00
LOT-007,LOT-007-W04,PHOTO_A,12,30,120.0,150.0,44.009,0,2026-07-22 18:00:00
LOT-002,LOT-002-W02,PHOTO_B,6,4,45.0,90.0,46.954,1,2026-07-21 00:00:00
LOT-002,LOT-002-W04,PHOTO_B,12,21,85.0,240.0,45.603,2,2026-07-21 02:00:00
LOT-002,LOT-002-W01,PHOTO_B,3,36,120.0,330.0,45.525,2,2026-07-20 23:00:00
LOT-007,LOT-007-W02,PHOTO_A,6,13,85.0,0.0,45.309,0,2026-07-22 16:00:00
LOT-006,LOT-006-W04,PHOTO_C,12,27,120.0,60.0,40.488,13,2026-07-22 10:00:00
LOT-006,LOT-006-W02,PHOTO_C,6,37,142.0,0.0,40.251,3,2026-07-22 08:00:00
LOT-010,LOT-010-W04,PHOTO_A,12,30,120.0,150.0,44.321,1,2026-07-23 18:00:00
LOT-008,LOT-008-W05,PHOTO_B,15,3,45.0,60.0,44.876,0,2026-07-23 03:00:00
LOT-010,LOT-010-W01,PHOTO_A,3,18,85.0,150.0,44.582,1,2026-07-23 15:00:00
LOT-011,LOT-011-W02,PHOTO_B,6,8,45.0,210.0,45.261,0,2026-07-24 00:00:00
LOT-008,LOT-008-W04,PHOTO_B,12,46,142.0,270.0,45.792,2,2026-07-23 02:00:00
LOT-001,LOT-001-W04,PHOTO_A,12,38,142.0,30.0,43.945,2,2026-07-20 18:00:00
LOT-010,LOT-010-W05,PHOTO_A,15,1,45.0,0.0,44.696,3,2026-07-23 19:00:00
LOT-003,LOT-003-W01,PHOTO_C,3,39,142.0,60.0,44.165,1,2026-07-21 07:00:00
LOT-004,LOT-004-W01,PHOTO_A,3,42,142.0,150.0,44.576,1,2026-07-21 15:00:00
LOT-009,LOT-009-W04,PHOTO_C,12,3,45.0,60.0,46.201,2,2026-07-23 10:00:00
LOT-007,LOT-007-W02,PHOTO_A,6,47,142.0,300.0,44.941,2,2026-07-22 16:00:00
LOT-010,LOT-010-W05,PHOTO_A,15,15,85.0,60.0,45.038,0,2026-07-23 19:00:00
LOT-012,LOT-012-W04,PHOTO_C,12,18,85.0,150.0,44.556,2,2026-07-24 10:00:00
LOT-009,LOT-009-W04,PHOTO_C,12,0,0.0,0.0,44.586,0,2026-07-23 10:00:00
LOT-005,LOT-005-W02,PHOTO_B,6,39,142.0,60.0,45.399,3,2026-07-22 00:00:00
LOT-004,LOT-004-W05,PHOTO_A,15,26,120.0,30.0,43.775,2,2026-07-21 19:00:00
LOT-007,LOT-007-W04,PHOTO_A,12,2,45.0,30.0,44.763,2,2026-07-22 18:00:00
LOT-001,LOT-001-W02,PHOTO_A,6,33,120.0,240.0,44.028,2,2026-07-20 16:00:00
LOT-003,LOT-003-W01,PHOTO_C,3,23,85.0,300.0,44.529,3,2026-07-21 07:00:00
LOT-012,LOT-012-W01,PHOTO_C,3,25,120.0,0.0,42.008,8,2026-07-24 07:00:00
LOT-009,LOT-009-W04,PHOTO_C,12,17,85.0,120.0,44.799,2,2026-07-23 10:00:00
LOT-012,LOT-012-W04,PHOTO_C,12,7,45.0,180.0,44.712,4,2026-07-24 10:00:00
LOT-002,LOT-002-W04,PHOTO_B,12,25,120.0,0.0,44.497,0,2026-07-21 02:00:00
LOT-009,LOT-009-W03,PHOTO_C,9,27,120.0,60.0,40.8,3,2026-07-23 09:00:00
LOT-008,LOT-008-W02,PHOTO_B,6,42,142.0,150.0,45.289,3,2026-07-23 00:00:00
LOT-004,LOT-004-W01,PHOTO_A,3,38,142.0,30.0,44.565,1,2026-07-21 15:00:00
LOT-004,LOT-004-W04,PHOTO_A,12,46,142.0,270.0,45.412,0,2026-07-21 18:00:00
LOT-002,LOT-002-W03,PHOTO_B,9,44,142.0,210.0,44.441,4,2026-07-21 01:00:00
LOT-001,LOT-001-W03,PHOTO_A,9,2,45.0,30.0,45.18,0,2026-07-20 17:00:00
LOT-005,LOT-005-W02,PHOTO_B,6,2,45.0,30.0,45.447,1,2026-07-22 00:00:00
LOT-007,LOT-007-W04,PHOTO_A,12,46,142.0,270.0,44.117,2,2026-07-22 18:00:00
LOT-009,LOT-009-W04,PHOTO_C,12,18,85.0,150.0,44.875,3,2026-07-23 10:00:00
LOT-010,LOT-010-W05,PHOTO_A,15,25,120.0,0.0,44.314,2,2026-07-23 19:00:00
LOT-008,LOT-008-W05,PHOTO_B,15,38,142.0,30.0,46.153,1,2026-07-23 03:00:00
LOT-004,LOT-004-W02,PHOTO_A,6,44,142.0,210.0,44.046,2,2026-07-21 16:00:00
LOT-007,LOT-007-W03,PHOTO_A,9,11,45.0,300.0,44.703,1,2026-07-22 17:00:00
LOT-009,LOT-009-W03,PHOTO_C,9,1,45.0,0.0,45.057,0,2026-07-23 09:00:00
LOT-007,LOT-007-W04,PHOTO_A,12,14,85.0,30.0,45.46,4,2026-07-22 18:00:00
LOT-004,LOT-004-W04,PHOTO_A,12,31,120.0,180.0,43.924,0,2026-07-21 18:00:00
LOT-004,LOT-004-W02,PHOTO_A,6,19,85.0,180.0,45.191,3,2026-07-21 16:00:00
LOT-002,LOT-002-W05,PHOTO_B,15,33,120.0,240.0,46.173,2,2026-07-21 03:00:00
LOT-005,LOT-005-W02,PHOTO_B,6,20,85.0,210.0,45.984,0,2026-07-22 00:00:00
LOT-006,LOT-006-W05,PHOTO_C,15,24,85.0,330.0,,4,2026-07-22 11:00:00
LOT-008,LOT-008-W02,PHOTO_B,6,37,142.0,0.0,44.873,0,2026-07-23 00:00:00
LOT-006,LOT-006-W01,PHOTO_C,3,5,45.0,120.0,44.898,1,2026-07-22 07:00:00
LOT-009,LOT-009-W03,PHOTO_C,9,3,45.0,60.0,43.946,2,2026-07-23 09:00:00
LOT-001,LOT-001-W02,PHOTO_A,6,8,45.0,210.0,44.434,2,2026-07-20 16:00:00
LOT-012,LOT-012-W05,PHOTO_C,15,13,85.0,0.0,,2,2026-07-24 11:00:00
LOT-002,LOT-002-W01,PHOTO_B,3,21,85.0,240.0,46.099,1,2026-07-20 23:00:00
LOT-003,LOT-003-W05,PHOTO_C,15,37,142.0,0.0,44.639,3,2026-07-21 11:00:00
LOT-003,LOT-003-W02,PHOTO_C,6,38,142.0,30.0,44.554,3,2026-07-21 08:00:00
LOT-006,LOT-006-W02,PHOTO_C,6,4,45.0,90.0,43.845,0,2026-07-22 08:00:00
LOT-008,LOT-008-W03,PHOTO_B,9,25,120.0,0.0,44.66,3,2026-07-23 01:00:00
LOT-010,LOT-010-W03,PHOTO_A,9,47,142.0,300.0,44.785,2,2026-07-23 17:00:00
LOT-007,LOT-007-W05,PHOTO_A,15,23,85.0,300.0,44.595,3,2026-07-22 19:00:00
LOT-005,LOT-005-W02,PHOTO_B,6,26,120.0,30.0,44.681,1,2026-07-22 00:00:00
LOT-012,LOT-012-W05,PHOTO_C,15,1,45.0,0.0,45.347,3,2026-07-24 11:00:00
LOT-004,LOT-004-W01,PHOTO_A,3,1,45.0,0.0,45.45,2,2026-07-21 15:00:00
LOT-011,LOT-011-W05,PHOTO_B,15,31,120.0,180.0,45.181,2,2026-07-24 03:00:00
LOT-011,LOT-011-W05,PHOTO_B,15,41,142.0,120.0,0.045773,1,2026-07-24 03:00:00
LOT-009,LOT-009-W02,PHOTO_C,6,46,142.0,270.0,41.24,5,2026-07-23 08:00:00
LOT-001,LOT-001-W03,PHOTO_A,9,30,120.0,150.0,46.075,1,2026-07-20 17:00:00
LOT-004,LOT-004-W05,PHOTO_A,15,4,45.0,90.0,45.14,2,2026-07-21 19:00:00
LOT-005,LOT-005-W01,PHOTO_B,3,39,142.0,60.0,44.069,1,2026-07-21 23:00:00
LOT-007,LOT-007-W01,PHOTO_A,3,46,142.0,270.0,44.84,4,2026-07-22 15:00:00
LOT-002,LOT-002-W04,PHOTO_B,12,48,142.0,330.0,45.076,2,2026-07-21 02:00:00
LOT-004,LOT-004-W05,PHOTO_A,15,14,85.0,30.0,43.876,1,2026-07-21 19:00:00
LOT-006,LOT-006-W04,PHOTO_C,12,30,120.0,150.0,41.487,11,2026-07-22 10:00:00
LOT-003,LOT-003-W02,PHOTO_C,6,1,45.0,0.0,44.118,3,2026-07-21 08:00:00
LOT-008,LOT-008-W01,PHOTO_B,3,24,85.0,330.0,45.743,0,2026-07-22 23:00:00
LOT-005,LOT-005-W05,PHOTO_B,15,47,142.0,300.0,45.958,2,2026-07-22 03:00:00
LOT-003,LOT-003-W02,PHOTO_C,6,14,85.0,30.0,44.739,2,2026-07-21 08:00:00
LOT-005,LOT-005-W03,PHOTO_B,9,6,45.0,150.0,45.61,4,2026-07-22 01:00:00
LOT-001,LOT-001-W02,PHOTO_A,6,12,45.0,330.0,45.408,1,2026-07-20 16:00:00
LOT-006,LOT-006-W02,PHOTO_C,6,7,45.0,180.0,45.275,0,2026-07-22 08:00:00
LOT-010,LOT-010-W05,PHOTO_A,15,36,120.0,330.0,,2,2026-07-23 19:00:00
LOT-010,LOT-010-W01,PHOTO_A,3,38,142.0,30.0,44.246,2,2026-07-23 15:00:00
LOT-002,LOT-002-W02,PHOTO_B,6,7,45.0,180.0,45.414,1,2026-07-21 00:00:00
LOT-002,LOT-002-W01,PHOTO_B,3,16,85.0,90.0,44.728,0,2026-07-20 23:00:00
LOT-008,LOT-008-W05,PHOTO_B,15,47,142.0,300.0,45.929,2,2026-07-23 03:00:00
LOT-011,LOT-011-W04,PHOTO_B,12,41,142.0,120.0,45.123,2,2026-07-24 02:00:00
LOT-002,LOT-002-W04,PHOTO_B,12,9,45.0,240.0,45.927,2,2026-07-21 02:00:00
LOT-008,LOT-008-W01,PHOTO_B,3,14,85.0,30.0,44.711,0,2026-07-22 23:00:00
LOT-012,LOT-012-W03,PHOTO_C,9,38,142.0,30.0,41.151,4,2026-07-24 09:00:00
LOT-012,LOT-012-W03,PHOTO_C,9,26,120.0,30.0,42.325,1,2026-07-24 09:00:00
LOT-009,LOT-009-W05,PHOTO_C,15,36,120.0,330.0,42.033,9,2026-07-23 11:00:00
LOT-010,LOT-010-W05,PHOTO_A,15,9,45.0,240.0,45.577,0,2026-07-23 19:00:00
LOT-001,LOT-001-W05,PHOTO_A,15,30,120.0,150.0,45.124,1,2026-07-20 19:00:00
LOT-004,LOT-004-W05,PHOTO_A,15,9,45.0,240.0,44.692,1,2026-07-21 19:00:00
LOT-007,LOT-007-W01,PHOTO_A,3,3,45.0,60.0,44.888,3,2026-07-22 15:00:00
LOT-003,LOT-003-W01,PHOTO_C,3,5,45.0,120.0,44.872,4,2026-07-21 07:00:00
LOT-011,LOT-011-W03,PHOTO_B,9,30,120.0,150.0,45.486,1,2026-07-24 01:00:00
LOT-010,LOT-010-W05,PHOTO_A,15,16,85.0,90.0,43.9,2,2026-07-23 19:00:00
LOT-007,LOT-007-W05,PHOTO_A,15,11,45.0,300.0,45.362,1,2026-07-22 19:00:00
LOT-001,LOT-001-W02,PHOTO_A,6,13,85.0,0.0,44.885,5,2026-07-20 16:00:00
LOT-012,LOT-012-W01,PHOTO_C,3,41,142.0,120.0,40.452,6,2026-07-24 07:00:00
LOT-001,LOT-001-W05,PHOTO_A,15,33,120.0,240.0,44.133,2,2026-07-20 19:00:00
LOT-002,LOT-002-W01,PHOTO_B,3,11,45.0,300.0,44.938,3,2026-07-20 23:00:00
LOT-008,LOT-008-W03,PHOTO_B,9,11,45.0,300.0,45.414,2,2026-07-23 01:00:00
LOT-011,LOT-011-W04,PHOTO_B,12,10,45.0,270.0,45.922,0,2026-07-24 02:00:00
LOT-008,LOT-008-W01,PHOTO_B,3,9,45.0,240.0,45.62,3,2026-07-22 23:00:00
LOT-006,LOT-006-W01,PHOTO_C,3,6,45.0,150.0,44.313,0,2026-07-22 07:00:00
LOT-003,LOT-003-W01,PHOTO_C,3,42,142.0,150.0,0.044402,1,2026-07-21 07:00:00
LOT-003,LOT-003-W02,PHOTO_C,6,13,85.0,0.0,44.58,5,2026-07-21 08:00:00
LOT-009,LOT-009-W04,PHOTO_C,12,46,142.0,270.0,41.862,9,2026-07-23 10:00:00
LOT-007,LOT-007-W02,PHOTO_A,6,17,85.0,120.0,44.839,3,2026-07-22 16:00:00
LOT-010,LOT-010-W03,PHOTO_A,9,23,85.0,300.0,44.799,1,2026-07-23 17:00:00
LOT-006,LOT-006-W05,PHOTO_C,15,30,120.0,150.0,42.31,5,2026-07-22 11:00:00
LOT-008,LOT-008-W02,PHOTO_B,6,8,45.0,210.0,45.776,1,2026-07-23 00:00:00
LOT-009,LOT-009-W02,PHOTO_C,6,41,142.0,120.0,41.735,8,2026-07-23 08:00:00
LOT-008,LOT-008-W02,PHOTO_B,6,20,85.0,210.0,45.848,4,2026-07-23 00:00:00
LOT-003,LOT-003-W03,PHOTO_C,9,39,142.0,60.0,44.241,0,2026-07-21 09:00:00
LOT-005,LOT-005-W01,PHOTO_B,3,9,45.0,240.0,45.961,4,2026-07-21 23:00:00
LOT-009,LOT-009-W04,PHOTO_C,12,15,85.0,60.0,45.439,0,2026-07-23 10:00:00
LOT-003,LOT-003-W03,PHOTO_C,9,17,85.0,120.0,45.718,1,2026-07-21 09:00:00
LOT-010,LOT-010-W05,PHOTO_A,15,12,45.0,330.0,44.922,2,2026-07-23 19:00:00
LOT-009,LOT-009-W01,PHOTO_C,3,44,142.0,210.0,41.775,2,2026-07-23 07:00:00
LOT-003,LOT-003-W02,PHOTO_C,6,33,120.0,240.0,44.414,3,2026-07-21 08:00:00
LOT-005,LOT-005-W02,PHOTO_B,6,43,142.0,180.0,45.456,2,2026-07-22 00:00:00
LOT-009,LOT-009-W04,PHOTO_C,12,23,85.0,300.0,43.682,0,2026-07-23 10:00:00
LOT-006,LOT-006-W04,PHOTO_C,12,15,85.0,60.0,43.954,0,2026-07-22 10:00:00
LOT-002,LOT-002-W03,PHOTO_B,9,19,85.0,180.0,45.091,0,2026-07-21 01:00:00
LOT-002,LOT-002-W03,PHOTO_B,9,14,85.0,30.0,46.015,1,2026-07-21 01:00:00
LOT-005,LOT-005-W05,PHOTO_B,15,43,142.0,180.0,45.184,0,2026-07-22 03:00:00
LOT-004,LOT-004-W03,PHOTO_A,9,29,120.0,120.0,45.785,1,2026-07-21 17:00:00
LOT-009,LOT-009-W05,PHOTO_C,15,30,120.0,150.0,40.639,7,2026-07-23 11:00:00
LOT-002,LOT-002-W05,PHOTO_B,15,42,142.0,150.0,45.229,0,2026-07-21 03:00:00
LOT-004,LOT-004-W02,PHOTO_A,6,27,120.0,60.0,43.829,2,2026-07-21 16:00:00
LOT-002,LOT-002-W01,PHOTO_B,3,34,120.0,270.0,45.782,0,2026-07-20 23:00:00
LOT-010,LOT-010-W02,PHOTO_A,6,33,120.0,240.0,44.957,3,2026-07-23 16:00:00
LOT-006,LOT-006-W02,PHOTO_C,6,45,142.0,240.0,41.571,7,2026-07-22 08:00:00
LOT-011,LOT-011-W01,PHOTO_B,3,35,120.0,300.0,44.489,3,2026-07-23 23:00:00
LOT-012,LOT-012-W02,PHOTO_C,6,2,45.0,30.0,44.49,1,2026-07-24 08:00:00
LOT-007,LOT-007-W01,PHOTO_A,3,23,85.0,300.0,44.717,0,2026-07-22 15:00:00
LOT-006,LOT-006-W03,PHOTO_C,9,5,45.0,120.0,43.556,0,2026-07-22 09:00:00
LOT-012,LOT-012-W04,PHOTO_C,12,28,120.0,90.0,41.509,8,2026-07-24 10:00:00
LOT-007,LOT-007-W03,PHOTO_A,9,27,120.0,60.0,43.873,2,2026-07-22 17:00:00
LOT-006,LOT-006-W03,PHOTO_C,9,15,85.0,60.0,44.239,4,2026-07-22 09:00:00
LOT-002,LOT-002-W03,PHOTO_B,9,29,120.0,120.0,45.32,0,2026-07-21 01:00:00
LOT-006,LOT-006-W01,PHOTO_C,3,21,85.0,240.0,45.842,1,2026-07-22 07:00:00
LOT-001,LOT-001-W05,PHOTO_A,15,7,45.0,180.0,44.927,2,2026-07-20 19:00:00
LOT-009,LOT-009-W03,PHOTO_C,9,46,142.0,270.0,41.106,12,2026-07-23 09:00:00
LOT-008,LOT-008-W03,PHOTO_B,9,10,45.0,270.0,45.179,1,2026-07-23 01:00:00
LOT-007,LOT-007-W04,PHOTO_A,12,22,85.0,270.0,43.738,0,2026-07-22 18:00:00
LOT-012,LOT-012-W03,PHOTO_C,9,19,85.0,180.0,45.701,0,2026-07-24 09:00:00
LOT-004,LOT-004-W04,PHOTO_A,12,34,120.0,270.0,45.504,0,2026-07-21 18:00:00
LOT-008,LOT-008-W02,PHOTO_B,6,45,142.0,240.0,45.191,2,2026-07-23 00:00:00
LOT-001,LOT-001-W01,PHOTO_A,3,37,142.0,0.0,43.854,0,2026-07-20 15:00:00
LOT-005,LOT-005-W03,PHOTO_B,9,36,120.0,330.0,44.579,3,2026-07-22 01:00:00
LOT-004,LOT-004-W01,PHOTO_A,3,32,120.0,210.0,43.93,2,2026-07-21 15:00:00
LOT-012,LOT-012-W05,PHOTO_C,15,20,85.0,210.0,45.381,0,2026-07-24 11:00:00
LOT-003,LOT-003-W03,PHOTO_C,9,26,120.0,30.0,44.358,3,2026-07-21 09:00:00
LOT-004,LOT-004-W01,PHOTO_A,3,20,85.0,210.0,45.258,5,2026-07-21 15:00:00
LOT-009,LOT-009-W02,PHOTO_C,6,0,0.0,0.0,44.71,1,2026-07-23 08:00:00
LOT-005,LOT-005-W03,PHOTO_B,9,47,142.0,300.0,44.404,2,2026-07-22 01:00:00
LOT-006,LOT-006-W03,PHOTO_C,9,42,142.0,150.0,42.433,2,2026-07-22 09:00:00
LOT-007,LOT-007-W03,PHOTO_A,9,31,120.0,180.0,44.876,2,2026-07-22 17:00:00
LOT-009,LOT-009-W04,PHOTO_C,12,39,142.0,60.0,40.13,13,2026-07-23 10:00:00
LOT-008,LOT-008-W03,PHOTO_B,9,42,142.0,150.0,45.471,2,2026-07-23 01:00:00
LOT-008,LOT-008-W04,PHOTO_B,12,47,142.0,300.0,44.993,1,2026-07-23 02:00:00
LOT-007,LOT-007-W01,PHOTO_A,3,8,45.0,210.0,43.179,3,2026-07-22 15:00:00
LOT-003,LOT-003-W04,PHOTO_C,12,28,120.0,90.0,45.121,4,2026-07-21 10:00:00
LOT-011,LOT-011-W05,PHOTO_B,15,18,85.0,150.0,45.608,1,2026-07-24 03:00:00
LOT-004,LOT-004-W05,PHOTO_A,15,45,142.0,240.0,44.111,0,2026-07-21 19:00:00
LOT-002,LOT-002-W04,PHOTO_B,12,5,45.0,120.0,43.609,0,2026-07-21 02:00:00
LOT-002,LOT-002-W03,PHOTO_B,9,8,45.0,210.0,45.329,0,2026-07-21 01:00:00
LOT-010,LOT-010-W01,PHOTO_A,3,8,45.0,210.0,44.916,1,2026-07-23 15:00:00
LOT-009,LOT-009-W02,PHOTO_C,6,16,85.0,90.0,44.567,1,2026-07-23 08:00:00
LOT-008,LOT-008-W05,PHOTO_B,15,18,85.0,150.0,,1,2026-07-23 03:00:00
LOT-002,LOT-002-W04,PHOTO_B,12,20,85.0,210.0,44.642,1,2026-07-21 02:00:00
LOT-012,LOT-012-W04,PHOTO_C,12,48,142.0,330.0,40.553,5,2026-07-24 10:00:00
LOT-012,LOT-012-W05,PHOTO_C,15,6,45.0,150.0,45.174,2,2026-07-24 11:00:00
LOT-009,LOT-009-W01,PHOTO_C,3,3,45.0,60.0,45.041,1,2026-07-23 07:00:00
LOT-011,LOT-011-W04,PHOTO_B,12,25,120.0,0.0,45.436,0,2026-07-24 02:00:00
LOT-007,LOT-007-W04,PHOTO_A,12,35,120.0,300.0,44.891,3,2026-07-22 18:00:00
LOT-002,LOT-002-W02,PHOTO_B,6,18,85.0,150.0,46.415,2,2026-07-21 00:00:00
LOT-004,LOT-004-W05,PHOTO_A,15,31,120.0,180.0,44.723,2,2026-07-21 19:00:00
LOT-005,LOT-005-W05,PHOTO_B,15,41,142.0,120.0,,2,2026-07-22 03:00:00
LOT-010,LOT-010-W03,PHOTO_A,9,4,45.0,90.0,44.358,1,2026-07-23 17:00:00
LOT-007,LOT-007-W04,PHOTO_A,12,16,85.0,90.0,44.511,2,2026-07-22 18:00:00
LOT-008,LOT-008-W01,PHOTO_B,3,2,45.0,30.0,46.11,0,2026-07-22 23:00:00
LOT-012,LOT-012-W02,PHOTO_C,6,44,142.0,210.0,41.603,10,2026-07-24 08:00:00
LOT-007,LOT-007-W05,PHOTO_A,15,10,45.0,270.0,44.314,3,2026-07-22 19:00:00
LOT-007,LOT-007-W01,PHOTO_A,3,31,120.0,180.0,44.784,2,2026-07-22 15:00:00
LOT-009,LOT-009-W03,PHOTO_C,9,16,85.0,90.0,45.112,3,2026-07-23 09:00:00
LOT-010,LOT-010-W04,PHOTO_A,12,45,142.0,240.0,45.003,0,2026-07-23 18:00:00
LOT-003,LOT-003-W01,PHOTO_C,3,22,85.0,270.0,44.9,1,2026-07-21 07:00:00
LOT-005,LOT-005-W01,PHOTO_B,3,16,85.0,90.0,45.339,0,2026-07-21 23:00:00
LOT-011,LOT-011-W05,PHOTO_B,15,19,85.0,180.0,45.561,0,2026-07-24 03:00:00
LOT-003,LOT-003-W05,PHOTO_C,15,38,142.0,30.0,44.424,1,2026-07-21 11:00:00
LOT-010,LOT-010-W03,PHOTO_A,9,18,85.0,150.0,44.748,2,2026-07-23 17:00:00
LOT-011,LOT-011-W03,PHOTO_B,9,36,120.0,330.0,45.038,3,2026-07-24 01:00:00
LOT-001,LOT-001-W02,PHOTO_A,6,40,142.0,90.0,44.41,2,2026-07-20 16:00:00
LOT-009,LOT-009-W03,PHOTO_C,9,22,85.0,270.0,43.857,3,2026-07-23 09:00:00
LOT-009,LOT-009-W05,PHOTO_C,15,11,45.0,300.0,45.444,0,2026-07-23 11:00:00
LOT-004,LOT-004-W04,PHOTO_A,12,40,142.0,90.0,44.761,2,2026-07-21 18:00:00
LOT-011,LOT-011-W01,PHOTO_B,3,16,85.0,90.0,45.735,3,2026-07-23 23:00:00
LOT-006,LOT-006-W01,PHOTO_C,3,17,85.0,120.0,45.446,2,2026-07-22 07:00:00
LOT-002,LOT-002-W01,PHOTO_B,3,30,120.0,150.0,45.157,4,2026-07-20 23:00:00
LOT-002,LOT-002-W05,PHOTO_B,15,37,142.0,0.0,45.031,2,2026-07-21 03:00:00
LOT-004,LOT-004-W05,PHOTO_A,15,38,142.0,30.0,43.75,2,2026-07-21 19:00:00
LOT-011,LOT-011-W04,PHOTO_B,12,22,85.0,270.0,45.177,0,2026-07-24 02:00:00
LOT-007,LOT-007-W05,PHOTO_A,15,19,85.0,180.0,44.087,2,2026-07-22 19:00:00
LOT-004,LOT-004-W01,PHOTO_A,3,37,142.0,0.0,45.207,0,2026-07-21 15:00:00
LOT-005,LOT-005-W05,PHOTO_B,15,9,45.0,240.0,45.247,2,2026-07-22 03:00:00
LOT-002,LOT-002-W02,PHOTO_B,6,31,120.0,180.0,44.881,1,2026-07-21 00:00:00
LOT-011,LOT-011-W01,PHOTO_B,3,42,142.0,150.0,43.831,3,2026-07-23 23:00:00
LOT-006,LOT-006-W03,PHOTO_C,9,17,85.0,120.0,44.855,1,2026-07-22 09:00:00
LOT-008,LOT-008-W04,PHOTO_B,12,24,85.0,330.0,45.293,1,2026-07-23 02:00:00
LOT-002,LOT-002-W05,PHOTO_B,15,47,142.0,300.0,45.604,1,2026-07-21 03:00:00
LOT-006,LOT-006-W03,PHOTO_C,9,26,120.0,30.0,41.591,6,2026-07-22 09:00:00
LOT-003,LOT-003-W02,PHOTO_C,6,34,120.0,270.0,43.927,1,2026-07-21 08:00:00
LOT-004,LOT-004-W04,PHOTO_A,12,20,85.0,210.0,0.045527,0,2026-07-21 18:00:00
LOT-002,LOT-002-W02,PHOTO_B,6,10,45.0,270.0,45.512,3,2026-07-21 00:00:00
LOT-009,LOT-009-W05,PHOTO_C,15,32,120.0,210.0,,4,2026-07-23 11:00:00
LOT-010,LOT-010-W02,PHOTO_A,6,45,142.0,240.0,44.911,3,2026-07-23 16:00:00
LOT-007,LOT-007-W02,PHOTO_A,6,19,85.0,180.0,44.66,2,2026-07-22 16:00:00
LOT-005,LOT-005-W01,PHOTO_B,3,46,142.0,270.0,44.094,1,2026-07-21 23:00:00
LOT-008,LOT-008-W04,PHOTO_B,12,15,85.0,60.0,45.489,0,2026-07-23 02:00:00
LOT-001,LOT-001-W04,PHOTO_A,12,32,120.0,210.0,45.735,0,2026-07-20 18:00:00
LOT-003,LOT-003-W03,PHOTO_C,9,42,142.0,150.0,45.502,2,2026-07-21 09:00:00
LOT-007,LOT-007-W04,PHOTO_A,12,4,45.0,90.0,44.427,0,2026-07-22 18:00:00
LOT-002,LOT-002-W02,PHOTO_B,6,16,85.0,90.0,46.332,2,2026-07-21 00:00:00
LOT-010,LOT-010-W04,PHOTO_A,12,29,120.0,120.0,44.212,0,2026-07-23 18:00:00
LOT-008,LOT-008-W02,PHOTO_B,6,9,45.0,240.0,46.322,5,2026-07-23 00:00:00
LOT-006,LOT-006-W02,PHOTO_C,6,15,85.0,60.0,44.071,0,2026-07-22 08:00:00
LOT-006,LOT-006-W03,PHOTO_C,9,41,142.0,120.0,42.427,6,2026-07-22 09:00:00
LOT-008,LOT-008-W05,PHOTO_B,15,43,142.0,180.0,45.618,2,2026-07-23 03:00:00
LOT-005,LOT-005-W03,PHOTO_B,9,39,142.0,60.0,45.022,3,2026-07-22 01:00:00
LOT-005,LOT-005-W03,PHOTO_B,9,7,45.0,180.0,46.223,0,2026-07-22 01:00:00
LOT-003,LOT-003-W02,PHOTO_C,6,39,142.0,60.0,44.544,0,2026-07-21 08:00:00
LOT-006,LOT-006-W04,PHOTO_C,12,37,142.0,0.0,41.297,2,2026-07-22 10:00:00
LOT-010,LOT-010-W05,PHOTO_A,15,26,120.0,30.0,44.407,2,2026-07-23 19:00:00
LOT-005,LOT-005-W01,PHOTO_B,3,22,85.0,270.0,45.195,2,2026-07-21 23:00:00
LOT-009,LOT-009-W02,PHOTO_C,6,47,142.0,300.0,40.997,7,2026-07-23 08:00:00
LOT-009,LOT-009-W05,PHOTO_C,15,42,142.0,150.0,40.578,9,2026-07-23 11:00:00
LOT-008,LOT-008-W02,PHOTO_B,6,12,45.0,330.0,45.441,0,2026-07-23 00:00:00
LOT-012,LOT-012-W02,PHOTO_C,6,6,45.0,150.0,44.453,2,2026-07-24 08:00:00
LOT-007,LOT-007-W01,PHOTO_A,3,33,120.0,240.0,44.659,0,2026-07-22 15:00:00
LOT-010,LOT-010-W02,PHOTO_A,6,34,120.0,270.0,44.092,3,2026-07-23 16:00:00
LOT-009,LOT-009-W05,PHOTO_C,15,23,85.0,300.0,44.842,2,2026-07-23 11:00:00
LOT-012,LOT-012-W03,PHOTO_C,9,1,45.0,0.0,44.404,1,2026-07-24 09:00:00
LOT-010,LOT-010-W01,PHOTO_A,3,32,120.0,210.0,45.083,0,2026-07-23 15:00:00
LOT-010,LOT-010-W03,PHOTO_A,9,2,45.0,30.0,44.459,2,2026-07-23 17:00:00
LOT-012,LOT-012-W04,PHOTO_C,12,5,45.0,120.0,45.219,1,2026-07-24 10:00:00
LOT-008,LOT-008-W02,PHOTO_B,6,23,85.0,300.0,45.136,4,2026-07-23 00:00:00
LOT-001,LOT-001-W04,PHOTO_A,12,9,45.0,240.0,44.524,3,2026-07-20 18:00:00
LOT-010,LOT-010-W05,PHOTO_A,15,0,0.0,0.0,44.99,2,2026-07-23 19:00:00
LOT-005,LOT-005-W04,PHOTO_B,12,22,85.0,270.0,45.844,1,2026-07-22 02:00:00
LOT-006,LOT-006-W02,PHOTO_C,6,12,45.0,330.0,44.979,0,2026-07-22 08:00:00
LOT-008,LOT-008-W05,PHOTO_B,15,27,120.0,60.0,,0,2026-07-23 03:00:00
LOT-009,LOT-009-W05,PHOTO_C,15,2,45.0,30.0,44.563,4,2026-07-23 11:00:00
LOT-009,LOT-009-W04,PHOTO_C,12,33,120.0,240.0,41.754,3,2026-07-23 10:00:00
LOT-010,LOT-010-W03,PHOTO_A,9,0,0.0,0.0,45.134,1,2026-07-23 17:00:00
LOT-004,LOT-004-W04,PHOTO_A,12,22,85.0,270.0,44.351,1,2026-07-21 18:00:00
LOT-008,LOT-008-W02,PHOTO_B,6,41,142.0,120.0,45.853,0,2026-07-23 00:00:00
LOT-002,LOT-002-W01,PHOTO_B,3,20,85.0,210.0,45.455,3,2026-07-20 23:00:00
LOT-006,LOT-006-W02,PHOTO_C,6,11,45.0,300.0,44.386,1,2026-07-22 08:00:00
LOT-008,LOT-008-W01,PHOTO_B,3,25,120.0,0.0,45.311,3,2026-07-22 23:00:00
LOT-003,LOT-003-W04,PHOTO_C,12,23,85.0,300.0,44.977,0,2026-07-21 10:00:00
LOT-001,LOT-001-W03,PHOTO_A,9,34,120.0,270.0,44.367,0,2026-07-20 17:00:00
LOT-004,LOT-004-W02,PHOTO_A,6,48,142.0,330.0,44.731,1,2026-07-21 16:00:00
LOT-007,LOT-007-W05,PHOTO_A,15,34,120.0,270.0,44.785,3,2026-07-22 19:00:00
LOT-008,LOT-008-W05,PHOTO_B,15,26,120.0,30.0,,3,2026-07-23 03:00:00
LOT-008,LOT-008-W01,PHOTO_B,3,28,120.0,90.0,45.384,0,2026-07-22 23:00:00
LOT-004,LOT-004-W04,PHOTO_A,12,29,120.0,120.0,44.746,2,2026-07-21 18:00:00
LOT-007,LOT-007-W03,PHOTO_A,9,32,120.0,210.0,44.838,3,2026-07-22 17:00:00
LOT-009,LOT-009-W05,PHOTO_C,15,19,85.0,180.0,44.417,4,2026-07-23 11:00:00
LOT-005,LOT-005-W03,PHOTO_B,9,23,85.0,300.0,45.351,3,2026-07-22 01:00:00
LOT-008,LOT-008-W02,PHOTO_B,6,18,85.0,150.0,44.76,2,2026-07-23 00:00:00
LOT-006,LOT-006-W03,PHOTO_C,9,39,142.0,60.0,40.274,9,2026-07-22 09:00:00
LOT-011,LOT-011-W02,PHOTO_B,6,7,45.0,180.0,45.821,0,2026-07-24 00:00:00
LOT-006,LOT-006-W01,PHOTO_C,3,45,142.0,240.0,40.829,6,2026-07-22 07:00:00
LOT-003,LOT-003-W01,PHOTO_C,3,18,85.0,150.0,44.353,2,2026-07-21 07:00:00
LOT-003,LOT-003-W04,PHOTO_C,12,33,120.0,240.0,44.878,1,2026-07-21 10:00:00
LOT-010,LOT-010-W01,PHOTO_A,3,31,120.0,180.0,44.578,2,2026-07-23 15:00:00
LOT-008,LOT-008-W02,PHOTO_B,6,10,45.0,270.0,45.382,1,2026-07-23 00:00:00
LOT-003,LOT-003-W05,PHOTO_C,15,6,45.0,150.0,,5,2026-07-21 11:00:00
LOT-009,LOT-009-W02,PHOTO_C,6,8,45.0,210.0,44.695,2,2026-07-23 08:00:00
LOT-003,LOT-003-W02,PHOTO_C,6,43,142.0,180.0,45.436,0,2026-07-21 08:00:00
LOT-010,LOT-010-W01,PHOTO_A,3,14,85.0,30.0,45.548,0,2026-07-23 15:00:00
LOT-007,LOT-007-W01,PHOTO_A,3,32,120.0,210.0,44.362,1,2026-07-22 15:00:00
LOT-012,LOT-012-W01,PHOTO_C,3,37,142.0,0.0,40.699,8,2026-07-24 07:00:00
LOT-008,LOT-008-W03,PHOTO_B,9,20,85.0,210.0,45.261,1,2026-07-23 01:00:00
LOT-003,LOT-003-W03,PHOTO_C,9,15,85.0,60.0,44.121,2,2026-07-21 09:00:00
LOT-002,LOT-002-W01,PHOTO_B,3,5,45.0,120.0,45.145,0,2026-07-20 23:00:00
LOT-007,LOT-007-W04,PHOTO_A,12,8,45.0,210.0,45.174,2,2026-07-22 18:00:00
LOT-002,LOT-002-W02,PHOTO_B,6,14,85.0,30.0,46.842,2,2026-07-21 00:00:00
LOT-005,LOT-005-W04,PHOTO_B,12,33,120.0,240.0,45.304,2,2026-07-22 02:00:00
LOT-001,LOT-001-W03,PHOTO_A,9,14,85.0,30.0,44.213,1,2026-07-20 17:00:00
LOT-011,LOT-011-W02,PHOTO_B,6,32,120.0,210.0,44.945,1,2026-07-24 00:00:00
LOT-012,LOT-012-W03,PHOTO_C,9,33,120.0,240.0,41.784,11,2026-07-24 09:00:00
LOT-009,LOT-009-W05,PHOTO_C,15,7,45.0,180.0,44.7,1,2026-07-23 11:00:00
LOT-003,LOT-003-W03,PHOTO_C,9,25,120.0,0.0,44.057,2,2026-07-21 09:00:00
LOT-010,LOT-010-W04,PHOTO_A,12,3,45.0,60.0,44.126,1,2026-07-23 18:00:00
LOT-011,LOT-011-W04,PHOTO_B,12,27,120.0,60.0,45.417,0,2026-07-24 02:00:00
LOT-008,LOT-008-W03,PHOTO_B,9,45,142.0,240.0,45.245,3,2026-07-23 01:00:00
LOT-003,LOT-003-W01,PHOTO_C,3,4,45.0,90.0,45.252,3,2026-07-21 07:00:00
LOT-009,LOT-009-W04,PHOTO_C,12,11,45.0,300.0,44.446,4,2026-07-23 10:00:00
LOT-004,LOT-004-W02,PHOTO_A,6,33,120.0,240.0,44.408,2,2026-07-21 16:00:00
LOT-007,LOT-007-W01,PHOTO_A,3,38,142.0,30.0,44.796,3,2026-07-22 15:00:00
LOT-008,LOT-008-W05,PHOTO_B,15,25,120.0,0.0,45.688,3,2026-07-23 03:00:00
LOT-004,LOT-004-W02,PHOTO_A,6,21,85.0,240.0,45.086,1,2026-07-21 16:00:00
LOT-009,LOT-009-W01,PHOTO_C,3,29,120.0,120.0,41.329,11,2026-07-23 07:00:00
LOT-012,LOT-012-W05,PHOTO_C,15,14,85.0,30.0,45.295,1,2026-07-24 11:00:00
LOT-011,LOT-011-W03,PHOTO_B,9,21,85.0,240.0,45.453,1,2026-07-24 01:00:00
LOT-005,LOT-005-W04,PHOTO_B,12,47,142.0,300.0,46.424,3,2026-07-22 02:00:00
LOT-007,LOT-007-W05,PHOTO_A,15,6,45.0,150.0,44.654,3,2026-07-22 19:00:00
LOT-005,LOT-005-W02,PHOTO_B,6,22,85.0,270.0,45.631,2,2026-07-22 00:00:00
LOT-006,LOT-006-W05,PHOTO_C,15,14,85.0,30.0,,0,2026-07-22 11:00:00
LOT-009,LOT-009-W03,PHOTO_C,9,43,142.0,180.0,41.142,9,2026-07-23 09:00:00
LOT-005,LOT-005-W05,PHOTO_B,15,19,85.0,180.0,45.128,6,2026-07-22 03:00:00
LOT-006,LOT-006-W04,PHOTO_C,12,42,142.0,150.0,40.772,7,2026-07-22 10:00:00
LOT-011,LOT-011-W05,PHOTO_B,15,12,45.0,330.0,45.768,0,2026-07-24 03:00:00
LOT-003,LOT-003-W01,PHOTO_C,3,35,120.0,300.0,43.806,3,2026-07-21 07:00:00
LOT-005,LOT-005-W03,PHOTO_B,9,6,45.0,150.0,45.61,4,2026-07-22 01:00:00
LOT-011,LOT-011-W01,PHOTO_B,3,43,142.0,180.0,44.647,1,2026-07-23 23:00:00
LOT-006,LOT-006-W05,PHOTO_C,15,44,142.0,210.0,42.072,6,2026-07-22 11:00:00
LOT-008,LOT-008-W05,PHOTO_B,15,2,45.0,30.0,,2,2026-07-23 03:00:00
LOT-001,LOT-001-W04,PHOTO_A,12,34,120.0,270.0,44.077,0,2026-07-20 18:00:00
LOT-007,LOT-007-W05,PHOTO_A,15,41,142.0,120.0,,2,2026-07-22 19:00:00
LOT-006,LOT-006-W04,PHOTO_C,12,32,120.0,210.0,41.355,10,2026-07-22 10:00:00
LOT-005,LOT-005-W03,PHOTO_B,9,15,85.0,60.0,44.895,1,2026-07-22 01:00:00
LOT-003,LOT-003-W04,PHOTO_C,12,26,120.0,30.0,44.742,2,2026-07-21 10:00:00
LOT-008,LOT-008-W02,PHOTO_B,6,34,120.0,270.0,45.74,1,2026-07-23 00:00:00
LOT-011,LOT-011-W04,PHOTO_B,12,34,120.0,270.0,45.304,2,2026-07-24 02:00:00
LOT-004,LOT-004-W04,PHOTO_A,12,42,142.0,150.0,45.118,0,2026-07-21 18:00:00
LOT-003,LOT-003-W01,PHOTO_C,3,47,142.0,300.0,43.76,0,2026-07-21 07:00:00
LOT-006,LOT-006-W04,PHOTO_C,12,17,85.0,120.0,43.948,1,2026-07-22 10:00:00
LOT-009,LOT-009-W02,PHOTO_C,6,48,142.0,330.0,41.539,4,2026-07-23 08:00:00
LOT-008,LOT-008-W04,PHOTO_B,12,29,120.0,120.0,45.692,1,2026-07-23 02:00:00
LOT-004,LOT-004-W03,PHOTO_A,9,1,45.0,0.0,44.156,2,2026-07-21 17:00:00
LOT-012,LOT-012-W02,PHOTO_C,6,0,0.0,0.0,44.323,3,2026-07-24 08:00:00
LOT-002,LOT-002-W01,PHOTO_B,3,44,142.0,210.0,45.657,0,2026-07-20 23:00:00
LOT-012,LOT-012-W02,PHOTO_C,6,4,45.0,90.0,44.392,0,2026-07-24 08:00:00
LOT-003,LOT-003-W03,PHOTO_C,9,13,85.0,0.0,44.121,0,2026-07-21 09:00:00
LOT-008,LOT-008-W05,PHOTO_B,15,35,120.0,300.0,45.935,3,2026-07-23 03:00:00
LOT-012,LOT-012-W05,PHOTO_C,15,41,142.0,120.0,40.807,9,2026-07-24 11:00:00
LOT-001,LOT-001-W01,PHOTO_A,3,42,142.0,150.0,44.011,0,2026-07-20 15:00:00
LOT-004,LOT-004-W01,PHOTO_A,3,48,142.0,330.0,44.675,0,2026-07-21 15:00:00
LOT-002,LOT-002-W02,PHOTO_B,6,32,120.0,210.0,45.24,3,2026-07-21 00:00:00
LOT-005,LOT-005-W01,PHOTO_B,3,30,120.0,150.0,44.836,1,2026-07-21 23:00:00
LOT-008,LOT-008-W05,PHOTO_B,15,11,45.0,300.0,45.641,2,2026-07-23 03:00:00
LOT-007,LOT-007-W01,PHOTO_A,3,30,120.0,150.0,44.247,2,2026-07-22 15:00:00
LOT-006,LOT-006-W04,PHOTO_C,12,43,142.0,180.0,41.36,4,2026-07-22 10:00:00
LOT-006,LOT-006-W03,PHOTO_C,9,28,120.0,90.0,40.41,3,2026-07-22 09:00:00
LOT-012,LOT-012-W01,PHOTO_C,3,15,85.0,60.0,45.056,2,2026-07-24 07:00:00
LOT-002,LOT-002-W01,PHOTO_B,3,10,45.0,270.0,45.123,0,2026-07-20 23:00:00
LOT-003,LOT-003-W02,PHOTO_C,6,16,85.0,90.0,45.376,2,2026-07-21 08:00:00
LOT-012,LOT-012-W01,PHOTO_C,3,10,45.0,270.0,43.729,0,2026-07-24 07:00:00
LOT-011,LOT-011-W05,PHOTO_B,15,30,120.0,150.0,44.318,3,2026-07-24 03:00:00
LOT-003,LOT-003-W04,PHOTO_C,12,5,45.0,120.0,43.951,2,2026-07-21 10:00:00
LOT-009,LOT-009-W04,PHOTO_C,12,7,45.0,180.0,45.189,1,2026-07-23 10:00:00
LOT-002,LOT-002-W03,PHOTO_B,9,4,45.0,90.0,45.38,4,2026-07-21 01:00:00
LOT-012,LOT-012-W01,PHOTO_C,3,16,85.0,90.0,44.147,0,2026-07-24 07:00:00
LOT-012,LOT-012-W01,PHOTO_C,3,30,120.0,150.0,42.088,5,2026-07-24 07:00:00
LOT-011,LOT-011-W04,PHOTO_B,12,13,85.0,0.0,45.83,3,2026-07-24 02:00:00
LOT-007,LOT-007-W05,PHOTO_A,15,14,85.0,30.0,,2,2026-07-22 19:00:00
LOT-003,LOT-003-W02,PHOTO_C,6,29,120.0,120.0,45.924,0,2026-07-21 08:00:00
LOT-005,LOT-005-W01,PHOTO_B,3,37,142.0,0.0,44.158,2,2026-07-21 23:00:00
LOT-003,LOT-003-W02,PHOTO_C,6,22,85.0,270.0,46.103,2,2026-07-21 08:00:00
LOT-004,LOT-004-W03,PHOTO_A,9,7,45.0,180.0,45.267,3,2026-07-21 17:00:00
LOT-007,LOT-007-W05,PHOTO_A,15,4,45.0,90.0,,1,2026-07-22 19:00:00
LOT-001,LOT-001-W04,PHOTO_A,12,7,45.0,180.0,44.228,2,2026-07-20 18:00:00
LOT-001,LOT-001-W01,PHOTO_A,3,32,120.0,210.0,43.508,2,2026-07-20 15:00:00
LOT-006,LOT-006-W03,PHOTO_C,9,18,85.0,150.0,44.844,3,2026-07-22 09:00:00
LOT-011,LOT-011-W02,PHOTO_B,6,4,45.0,90.0,44.9,3,2026-07-24 00:00:00
LOT-005,LOT-005-W05,PHOTO_B,15,5,45.0,120.0,,5,2026-07-22 03:00:00
LOT-008,LOT-008-W04,PHOTO_B,12,39,142.0,60.0,44.828,1,2026-07-23 02:00:00
LOT-001,LOT-001-W05,PHOTO_A,15,16,85.0,90.0,,1,2026-07-20 19:00:00
LOT-004,LOT-004-W05,PHOTO_A,15,12,45.0,330.0,45.326,0,2026-07-21 19:00:00
LOT-004,LOT-004-W05,PHOTO_A,15,18,85.0,150.0,44.668,0,2026-07-21 19:00:00
LOT-003,LOT-003-W03,PHOTO_C,9,29,120.0,120.0,44.037,3,2026-07-21 09:00:00
LOT-004,LOT-004-W05,PHOTO_A,15,42,142.0,150.0,0.044174,0,2026-07-21 19:00:00
LOT-010,LOT-010-W05,PHOTO_A,15,27,120.0,60.0,44.515,2,2026-07-23 19:00:00
LOT-003,LOT-003-W04,PHOTO_C,12,8,45.0,210.0,44.55,1,2026-07-21 10:00:00
LOT-009,LOT-009-W02,PHOTO_C,6,11,45.0,300.0,44.582,0,2026-07-23 08:00:00
LOT-012,LOT-012-W02,PHOTO_C,6,33,120.0,240.0,40.464,3,2026-07-24 08:00:00
LOT-004,LOT-004-W03,PHOTO_A,9,3,45.0,60.0,46.681,1,2026-07-21 17:00:00
LOT-007,LOT-007-W04,PHOTO_A,12,39,142.0,60.0,44.481,2,2026-07-22 18:00:00
LOT-009,LOT-009-W03,PHOTO_C,9,44,142.0,210.0,40.745,7,2026-07-23 09:00:00
LOT-011,LOT-011-W01,PHOTO_B,3,26,120.0,30.0,45.087,1,2026-07-23 23:00:00
LOT-009,LOT-009-W01,PHOTO_C,3,48,142.0,330.0,40.63,3,2026-07-23 07:00:00
LOT-006,LOT-006-W03,PHOTO_C,9,47,142.0,300.0,40.581,5,2026-07-22 09:00:00
LOT-005,LOT-005-W01,PHOTO_B,3,5,45.0,120.0,45.026,2,2026-07-21 23:00:00
LOT-004,LOT-004-W04,PHOTO_A,12,48,142.0,330.0,44.453,3,2026-07-21 18:00:00
LOT-006,LOT-006-W03,PHOTO_C,9,24,85.0,330.0,45.086,2,2026-07-22 09:00:00
LOT-010,LOT-010-W05,PHOTO_A,15,4,45.0,90.0,44.625,3,2026-07-23 19:00:00
LOT-011,LOT-011-W03,PHOTO_B,9,33,120.0,240.0,45.77,2,2026-07-24 01:00:00
LOT-010,LOT-010-W03,PHOTO_A,9,26,120.0,30.0,44.41,3,2026-07-23 17:00:00
LOT-006,LOT-006-W05,PHOTO_C,15,11,45.0,300.0,44.218,3,2026-07-22 11:00:00
LOT-003,LOT-003-W04,PHOTO_C,12,4,45.0,90.0,44.107,1,2026-07-21 10:00:00
LOT-004,LOT-004-W05,PHOTO_A,15,10,45.0,270.0,44.37,1,2026-07-21 19:00:00
LOT-002,LOT-002-W04,PHOTO_B,12,19,85.0,180.0,45.208,4,2026-07-21 02:00:00
LOT-004,LOT-004-W03,PHOTO_A,9,42,142.0,150.0,44.521,1,2026-07-21 17:00:00
LOT-001,LOT-001-W02,PHOTO_A,6,1,45.0,0.0,44.611,1,2026-07-20 16:00:00
LOT-010,LOT-010-W05,PHOTO_A,15,18,85.0,150.0,45.546,4,2026-07-23 19:00:00
LOT-006,LOT-006-W04,PHOTO_C,12,29,120.0,120.0,41.421,13,2026-07-22 10:00:00
LOT-002,LOT-002-W01,PHOTO_B,3,25,120.0,0.0,0.046248,3,2026-07-20 23:00:00
LOT-007,LOT-007-W03,PHOTO_A,9,42,142.0,150.0,43.886,1,2026-07-22 17:00:00
LOT-002,LOT-002-W03,PHOTO_B,9,34,120.0,270.0,45.684,0,2026-07-21 01:00:00
LOT-008,LOT-008-W02,PHOTO_B,6,14,85.0,30.0,44.908,2,2026-07-23 00:00:00
LOT-002,LOT-002-W04,PHOTO_B,12,35,120.0,300.0,44.851,3,2026-07-21 02:00:00
LOT-009,LOT-009-W05,PHOTO_C,15,13,85.0,0.0,,1,2026-07-23 11:00:00
LOT-001,LOT-001-W04,PHOTO_A,12,40,142.0,90.0,43.972,1,2026-07-20 18:00:00
LOT-006,LOT-006-W05,PHOTO_C,15,35,120.0,300.0,,7,2026-07-22 11:00:00
LOT-005,LOT-005-W05,PHOTO_B,15,8,45.0,210.0,46.133,2,2026-07-22 03:00:00
LOT-003,LOT-003-W05,PHOTO_C,15,23,85.0,300.0,0.043965,3,2026-07-21 11:00:00
LOT-001,LOT-001-W04,PHOTO_A,12,30,120.0,150.0,44.695,4,2026-07-20 18:00:00
LOT-005,LOT-005-W01,PHOTO_B,3,12,45.0,330.0,45.687,2,2026-07-21 23:00:00
LOT-008,LOT-008-W03,PHOTO_B,9,3,45.0,60.0,44.983,0,2026-07-23 01:00:00
LOT-003,LOT-003-W05,PHOTO_C,15,29,120.0,120.0,45.16,2,2026-07-21 11:00:00
LOT-005,LOT-005-W04,PHOTO_B,12,23,85.0,300.0,44.84,2,2026-07-22 02:00:00
LOT-004,LOT-004-W02,PHOTO_A,6,40,142.0,90.0,43.976,0,2026-07-21 16:00:00
LOT-007,LOT-007-W02,PHOTO_A,6,28,120.0,90.0,45.438,1,2026-07-22 16:00:00
LOT-010,LOT-010-W03,PHOTO_A,9,32,120.0,210.0,43.856,3,2026-07-23 17:00:00
LOT-006,LOT-006-W01,PHOTO_C,3,36,120.0,330.0,41.645,13,2026-07-22 07:00:00
LOT-012,LOT-012-W03,PHOTO_C,9,22,85.0,270.0,44.636,1,2026-07-24 09:00:00
LOT-009,LOT-009-W05,PHOTO_C,15,33,120.0,240.0,40.91,11,2026-07-23 11:00:00
LOT-002,LOT-002-W02,PHOTO_B,6,15,85.0,60.0,46.107,0,2026-07-21 00:00:00
LOT-002,LOT-002-W03,PHOTO_B,9,26,120.0,30.0,44.641,1,2026-07-21 01:00:00
LOT-005,LOT-005-W05,PHOTO_B,15,1,45.0,0.0,46.376,2,2026-07-22 03:00:00
LOT-009,LOT-009-W02,PHOTO_C,6,36,120.0,330.0,41.456,10,2026-07-23 08:00:00
LOT-006,LOT-006-W01,PHOTO_C,3,38,142.0,30.0,42.8,8,2026-07-22 07:00:00
LOT-006,LOT-006-W04,PHOTO_C,12,34,120.0,270.0,42.117,7,2026-07-22 10:00:00
LOT-008,LOT-008-W04,PHOTO_B,12,42,142.0,150.0,44.452,2,2026-07-23 02:00:00
LOT-008,LOT-008-W04,PHOTO_B,12,35,120.0,300.0,44.917,3,2026-07-23 02:00:00
LOT-011,LOT-011-W04,PHOTO_B,12,16,85.0,90.0,45.607,0,2026-07-24 02:00:00
LOT-011,LOT-011-W02,PHOTO_B,6,43,142.0,180.0,44.519,1,2026-07-24 00:00:00
LOT-011,LOT-011-W05,PHOTO_B,15,21,85.0,240.0,,0,2026-07-24 03:00:00
LOT-012,LOT-012-W05,PHOTO_C,15,44,142.0,210.0,40.098,8,2026-07-24 11:00:00
LOT-011,LOT-011-W03,PHOTO_B,9,39,142.0,60.0,45.795,1,2026-07-24 01:00:00
LOT-006,LOT-006-W03,PHOTO_C,9,13,85.0,0.0,45.5,0,2026-07-22 09:00:00
LOT-002,LOT-002-W05,PHOTO_B,15,40,142.0,90.0,45.814,1,2026-07-21 03:00:00
LOT-005,LOT-005-W01,PHOTO_B,3,20,85.0,210.0,0.044978,0,2026-07-21 23:00:00
LOT-005,LOT-005-W04,PHOTO_B,12,17,85.0,120.0,45.087,1,2026-07-22 02:00:00
LOT-007,LOT-007-W03,PHOTO_A,9,7,45.0,180.0,45.753,4,2026-07-22 17:00:00
LOT-010,LOT-010-W01,PHOTO_A,3,44,142.0,210.0,44.43,0,2026-07-23 15:00:00
LOT-003,LOT-003-W01,PHOTO_C,3,43,142.0,180.0,44.649,0,2026-07-21 07:00:00
LOT-012,LOT-012-W05,PHOTO_C,15,36,120.0,330.0,41.101,9,2026-07-24 11:00:00
LOT-009,LOT-009-W04,PHOTO_C,12,16,85.0,90.0,45.28,0,2026-07-23 10:00:00
LOT-011,LOT-011-W01,PHOTO_B,3,46,142.0,270.0,45.287,1,2026-07-23 23:00:00
LOT-002,LOT-002-W04,PHOTO_B,12,42,142.0,150.0,44.879,2,2026-07-21 02:00:00
LOT-012,LOT-012-W01,PHOTO_C,3,31,120.0,180.0,42.964,9,2026-07-24 07:00:00
LOT-002,LOT-002-W05,PHOTO_B,15,8,45.0,210.0,46.243,2,2026-07-21 03:00:00
LOT-006,LOT-006-W02,PHOTO_C,6,19,85.0,180.0,44.007,3,2026-07-22 08:00:00
LOT-006,LOT-006-W04,PHOTO_C,12,19,85.0,180.0,44.391,1,2026-07-22 10:00:00
LOT-012,LOT-012-W02,PHOTO_C,6,1,45.0,0.0,44.694,0,2026-07-24 08:00:00
LOT-006,LOT-006-W01,PHOTO_C,3,44,142.0,210.0,43.01,8,2026-07-22 07:00:00
LOT-003,LOT-003-W01,PHOTO_C,3,24,85.0,330.0,44.206,4,2026-07-21 07:00:00
LOT-010,LOT-010-W04,PHOTO_A,12,33,120.0,240.0,44.713,1,2026-07-23 18:00:00
LOT-003,LOT-003-W01,PHOTO_C,3,48,142.0,330.0,44.107,0,2026-07-21 07:00:00
LOT-005,LOT-005-W01,PHOTO_B,3,7,45.0,180.0,45.262,1,2026-07-21 23:00:00
LOT-001,LOT-001-W05,PHOTO_A,15,13,85.0,0.0,44.549,3,2026-07-20 19:00:00
LOT-010,LOT-010-W04,PHOTO_A,12,39,142.0,60.0,44.427,2,2026-07-23 18:00:00
LOT-006,LOT-006-W05,PHOTO_C,15,38,142.0,30.0,41.199,6,2026-07-22 11:00:00
LOT-011,LOT-011-W02,PHOTO_B,6,35,120.0,300.0,44.507,1,2026-07-24 00:00:00
LOT-007,LOT-007-W02,PHOTO_A,6,38,142.0,30.0,43.94,2,2026-07-22 16:00:00
LOT-011,LOT-011-W03,PHOTO_B,9,45,142.0,240.0,44.721,2,2026-07-24 01:00:00
LOT-006,LOT-006-W03,PHOTO_C,9,43,142.0,180.0,40.513,8,2026-07-22 09:00:00
LOT-008,LOT-008-W04,PHOTO_B,12,37,142.0,0.0,45.188,2,2026-07-23 02:00:00
LOT-011,LOT-011-W01,PHOTO_B,3,20,85.0,210.0,45.722,0,2026-07-23 23:00:00
LOT-012,LOT-012-W05,PHOTO_C,15,8,45.0,210.0,44.304,0,2026-07-24 11:00:00
LOT-002,LOT-002-W02,PHOTO_B,6,1,45.0,0.0,45.752,1,2026-07-21 00:00:00
LOT-004,LOT-004-W02,PHOTO_A,6,34,120.0,270.0,43.694,0,2026-07-21 16:00:00
LOT-008,LOT-008-W04,PHOTO_B,12,9,45.0,240.0,45.443,1,2026-07-23 02:00:00
LOT-007,LOT-007-W05,PHOTO_A,15,43,142.0,180.0,,3,2026-07-22 19:00:00
LOT-002,LOT-002-W03,PHOTO_B,9,27,120.0,60.0,44.42,2,2026-07-21 01:00:00
LOT-003,LOT-003-W04,PHOTO_C,12,45,142.0,240.0,45.065,4,2026-07-21 10:00:00
LOT-006,LOT-006-W02,PHOTO_C,6,8,45.0,210.0,44.917,3,2026-07-22 08:00:00
LOT-011,LOT-011-W02,PHOTO_B,6,36,120.0,330.0,44.984,0,2026-07-24 00:00:00
LOT-012,LOT-012-W05,PHOTO_C,15,30,120.0,150.0,41.212,8,2026-07-24 11:00:00
LOT-012,LOT-012-W03,PHOTO_C,9,41,142.0,120.0,40.776,8,2026-07-24 09:00:00
LOT-001,LOT-001-W01,PHOTO_A,3,4,45.0,90.0,46.451,0,2026-07-20 15:00:00
LOT-012,LOT-012-W02,PHOTO_C,6,35,120.0,300.0,42.079,11,2026-07-24 08:00:00
LOT-004,LOT-004-W05,PHOTO_A,15,28,120.0,90.0,,1,2026-07-21 19:00:00
LOT-008,LOT-008-W05,PHOTO_B,15,39,142.0,60.0,45.149,4,2026-07-23 03:00:00
LOT-001,LOT-001-W05,PHOTO_A,15,31,120.0,180.0,45.181,5,2026-07-20 19:00:00
LOT-001,LOT-001-W02,PHOTO_A,6,19,85.0,180.0,44.144,0,2026-07-20 16:00:00
LOT-007,LOT-007-W01,PHOTO_A,3,47,142.0,300.0,0.044189,0,2026-07-22 15:00:00
LOT-010,LOT-010-W04,PHOTO_A,12,38,142.0,30.0,45.124,0,2026-07-23 18:00:00
LOT-010,LOT-010-W05,PHOTO_A,15,48,142.0,330.0,43.96,1,2026-07-23 19:00:00
LOT-002,LOT-002-W02,PHOTO_B,6,0,0.0,0.0,45.291,0,2026-07-21 00:00:00
LOT-002,LOT-002-W02,PHOTO_B,6,26,120.0,30.0,44.876,2,2026-07-21 00:00:00
LOT-012,LOT-012-W02,PHOTO_C,6,38,142.0,30.0,40.897,8,2026-07-24 08:00:00
LOT-010,LOT-010-W03,PHOTO_A,9,12,45.0,330.0,44.11,0,2026-07-23 17:00:00
LOT-009,LOT-009-W03,PHOTO_C,9,40,142.0,90.0,41.555,3,2026-07-23 09:00:00
LOT-005,LOT-005-W02,PHOTO_B,6,0,0.0,0.0,45.443,1,2026-07-22 00:00:00
LOT-007,LOT-007-W02,PHOTO_A,6,16,85.0,90.0,0.044935,0,2026-07-22 16:00:00
LOT-007,LOT-007-W03,PHOTO_A,9,45,142.0,240.0,44.372,3,2026-07-22 17:00:00
LOT-012,LOT-012-W05,PHOTO_C,15,21,85.0,240.0,43.886,1,2026-07-24 11:00:00
LOT-004,LOT-004-W03,PHOTO_A,9,8,45.0,210.0,43.379,5,2026-07-21 17:00:00
LOT-004,LOT-004-W05,PHOTO_A,15,16,85.0,90.0,44.455,1,2026-07-21 19:00:00
LOT-004,LOT-004-W02,PHOTO_A,6,30,120.0,150.0,44.345,1,2026-07-21 16:00:00
LOT-006,LOT-006-W04,PHOTO_C,12,31,120.0,180.0,41.329,10,2026-07-22 10:00:00
LOT-009,LOT-009-W01,PHOTO_C,3,26,120.0,30.0,42.146,6,2026-07-23 07:00:00
LOT-008,LOT-008-W03,PHOTO_B,9,24,85.0,330.0,45.227,0,2026-07-23 01:00:00
LOT-001,LOT-001-W01,PHOTO_A,3,1,45.0,0.0,45.291,0,2026-07-20 15:00:00
LOT-004,LOT-004-W05,PHOTO_A,15,48,142.0,330.0,45.313,2,2026-07-21 19:00:00
LOT-006,LOT-006-W05,PHOTO_C,15,22,85.0,270.0,43.833,1,2026-07-22 11:00:00
LOT-002,LOT-002-W02,PHOTO_B,6,9,45.0,240.0,45.613,2,2026-07-21 00:00:00
LOT-004,LOT-004-W02,PHOTO_A,6,32,120.0,210.0,44.376,0,2026-07-21 16:00:00
LOT-001,LOT-001-W01,PHOTO_A,3,2,45.0,30.0,45.002,0,2026-07-20 15:00:00
LOT-002,LOT-002-W05,PHOTO_B,15,1,45.0,0.0,46.261,1,2026-07-21 03:00:00
LOT-007,LOT-007-W01,PHOTO_A,3,14,85.0,30.0,44.09,0,2026-07-22 15:00:00
LOT-002,LOT-002-W02,PHOTO_B,6,27,120.0,60.0,44.499,1,2026-07-21 00:00:00
LOT-004,LOT-004-W04,PHOTO_A,12,45,142.0,240.0,45.685,1,2026-07-21 18:00:00
LOT-003,LOT-003-W02,PHOTO_C,6,21,85.0,240.0,44.712,1,2026-07-21 08:00:00
LOT-007,LOT-007-W02,PHOTO_A,6,21,85.0,240.0,44.254,1,2026-07-22 16:00:00
LOT-001,LOT-001-W05,PHOTO_A,15,35,120.0,300.0,,0,2026-07-20 19:00:00
LOT-010,LOT-010-W05,PHOTO_A,15,32,120.0,210.0,44.309,0,2026-07-23 19:00:00
LOT-004,LOT-004-W03,PHOTO_A,9,39,142.0,60.0,45.695,1,2026-07-21 17:00:00
LOT-008,LOT-008-W01,PHOTO_B,3,38,142.0,30.0,44.985,1,2026-07-22 23:00:00
LOT-007,LOT-007-W04,PHOTO_A,12,38,142.0,30.0,43.863,0,2026-07-22 18:00:00
LOT-003,LOT-003-W03,PHOTO_C,9,12,45.0,330.0,45.147,2,2026-07-21 09:00:00
LOT-005,LOT-005-W05,PHOTO_B,15,16,85.0,90.0,45.009,4,2026-07-22 03:00:00
LOT-005,LOT-005-W02,PHOTO_B,6,21,85.0,240.0,45.352,1,2026-07-22 00:00:00
LOT-009,LOT-009-W03,PHOTO_C,9,21,85.0,240.0,45.192,2,2026-07-23 09:00:00
LOT-005,LOT-005-W04,PHOTO_B,12,46,142.0,270.0,44.943,3,2026-07-22 02:00:00
LOT-011,LOT-011-W04,PHOTO_B,12,30,120.0,150.0,45.72,3,2026-07-24 02:00:00
LOT-002,LOT-002-W05,PHOTO_B,15,17,85.0,120.0,46.482,1,2026-07-21 03:00:00
LOT-002,LOT-002-W03,PHOTO_B,9,46,142.0,270.0,45.448,2,2026-07-21 01:00:00
LOT-005,LOT-005-W02,PHOTO_B,6,5,45.0,120.0,45.302,2,2026-07-22 00:00:00
LOT-011,LOT-011-W05,PHOTO_B,15,48,142.0,330.0,44.124,2,2026-07-24 03:00:00
LOT-010,LOT-010-W02,PHOTO_A,6,17,85.0,120.0,43.922,1,2026-07-23 16:00:00
LOT-002,LOT-002-W04,PHOTO_B,12,45,142.0,240.0,46.091,1,2026-07-21 02:00:00
LOT-001,LOT-001-W01,PHOTO_A,3,28,120.0,90.0,44.252,1,2026-07-20 15:00:00
LOT-010,LOT-010-W05,PHOTO_A,15,10,45.0,270.0,44.778,3,2026-07-23 19:00:00
LOT-012,LOT-012-W03,PHOTO_C,9,13,85.0,0.0,44.615,2,2026-07-24 09:00:00
LOT-010,LOT-010-W04,PHOTO_A,12,35,120.0,300.0,44.575,5,2026-07-23 18:00:00
LOT-010,LOT-010-W05,PHOTO_A,15,5,45.0,120.0,45.164,2,2026-07-23 19:00:00
LOT-010,LOT-010-W01,PHOTO_A,3,45,142.0,240.0,45.345,2,2026-07-23 15:00:00
LOT-004,LOT-004-W05,PHOTO_A,15,43,142.0,180.0,,2,2026-07-21 19:00:00
LOT-004,LOT-004-W05,PHOTO_A,15,7,45.0,180.0,43.142,2,2026-07-21 19:00:00
LOT-011,LOT-011-W02,PHOTO_B,6,37,142.0,0.0,45.048,1,2026-07-24 00:00:00
LOT-011,LOT-011-W01,PHOTO_B,3,24,85.0,330.0,44.816,1,2026-07-23 23:00:00
LOT-001,LOT-001-W01,PHOTO_A,3,23,85.0,300.0,45.427,0,2026-07-20 15:00:00
LOT-005,LOT-005-W05,PHOTO_B,15,4,45.0,90.0,44.81,1,2026-07-22 03:00:00
LOT-001,LOT-001-W05,PHOTO_A,15,0,0.0,0.0,45.025,1,2026-07-20 19:00:00
LOT-005,LOT-005-W01,PHOTO_B,3,13,85.0,0.0,45.415,3,2026-07-21 23:00:00
LOT-002,LOT-002-W03,PHOTO_B,9,41,142.0,120.0,44.444,2,2026-07-21 01:00:00
LOT-003,LOT-003-W02,PHOTO_C,6,28,120.0,90.0,44.398,1,2026-07-21 08:00:00
LOT-004,LOT-004-W03,PHOTO_A,9,48,142.0,330.0,44.631,0,2026-07-21 17:00:00
LOT-012,LOT-012-W03,PHOTO_C,9,37,142.0,0.0,41.067,13,2026-07-24 09:00:00
LOT-011,LOT-011-W01,PHOTO_B,3,38,142.0,30.0,45.463,3,2026-07-23 23:00:00
LOT-009,LOT-009-W01,PHOTO_C,3,25,120.0,0.0,40.639,3,2026-07-23 07:00:00
LOT-002,LOT-002-W01,PHOTO_B,3,22,85.0,270.0,45.145,1,2026-07-20 23:00:00
LOT-011,LOT-011-W01,PHOTO_B,3,48,142.0,330.0,44.703,2,2026-07-23 23:00:00
LOT-009,LOT-009-W05,PHOTO_C,15,9,45.0,240.0,45.163,0,2026-07-23 11:00:00
LOT-002,LOT-002-W05,PHOTO_B,15,44,142.0,210.0,46.135,0,2026-07-21 03:00:00
LOT-009,LOT-009-W01,PHOTO_C,3,21,85.0,240.0,46.188,3,2026-07-23 07:00:00
LOT-011,LOT-011-W03,PHOTO_B,9,2,45.0,30.0,45.449,3,2026-07-24 01:00:00
LOT-004,LOT-004-W01,PHOTO_A,3,45,142.0,240.0,44.081,2,2026-07-21 15:00:00
LOT-012,LOT-012-W03,PHOTO_C,9,11,45.0,300.0,45.667,3,2026-07-24 09:00:00
LOT-001,LOT-001-W02,PHOTO_A,6,48,142.0,330.0,43.969,1,2026-07-20 16:00:00
LOT-012,LOT-012-W05,PHOTO_C,15,48,142.0,330.0,42.633,4,2026-07-24 11:00:00
LOT-007,LOT-007-W02,PHOTO_A,6,22,85.0,270.0,45.16,1,2026-07-22 16:00:00
LOT-011,LOT-011-W04,PHOTO_B,12,4,45.0,90.0,46.037,0,2026-07-24 02:00:00
LOT-009,LOT-009-W01,PHOTO_C,3,24,85.0,330.0,44.448,0,2026-07-23 07:00:00
LOT-002,LOT-002-W05,PHOTO_B,15,2,45.0,30.0,46.606,2,2026-07-21 03:00:00
LOT-003,LOT-003-W05,PHOTO_C,15,9,45.0,240.0,44.761,0,2026-07-21 11:00:00
LOT-005,LOT-005-W02,PHOTO_B,6,8,45.0,210.0,46.195,0,2026-07-22 00:00:00
LOT-003,LOT-003-W03,PHOTO_C,9,23,85.0,300.0,45.285,1,2026-07-21 09:00:00
LOT-005,LOT-005-W05,PHOTO_B,15,36,120.0,330.0,45.388,0,2026-07-22 03:00:00
LOT-009,LOT-009-W03,PHOTO_C,9,24,85.0,330.0,44.678,4,2026-07-23 09:00:00
LOT-012,LOT-012-W02,PHOTO_C,6,21,85.0,240.0,45.629,3,2026-07-24 08:00:00
LOT-003,LOT-003-W04,PHOTO_C,12,22,85.0,270.0,45.899,1,2026-07-21 10:00:00
LOT-001,LOT-001-W01,PHOTO_A,3,26,120.0,30.0,43.87,7,2026-07-20 15:00:00
LOT-007,LOT-007-W02,PHOTO_A,6,44,142.0,210.0,43.724,2,2026-07-22 16:00:00
LOT-005,LOT-005-W01,PHOTO_B,3,23,85.0,300.0,44.54,1,2026-07-21 23:00:00
LOT-007,LOT-007-W04,PHOTO_A,12,42,142.0,150.0,45.227,0,2026-07-22 18:00:00
LOT-010,LOT-010-W02,PHOTO_A,6,1,45.0,0.0,45.143,1,2026-07-23 16:00:00
LOT-011,LOT-011-W05,PHOTO_B,15,0,0.0,0.0,46.121,5,2026-07-24 03:00:00
LOT-003,LOT-003-W01,PHOTO_C,3,2,45.0,30.0,45.16,0,2026-07-21 07:00:00
LOT-010,LOT-010-W04,PHOTO_A,12,13,85.0,0.0,44.968,2,2026-07-23 18:00:00
LOT-005,LOT-005-W02,PHOTO_B,6,17,85.0,120.0,44.505,2,2026-07-22 00:00:00
LOT-008,LOT-008-W02,PHOTO_B,6,19,85.0,180.0,45.369,1,2026-07-23 00:00:00
LOT-004,LOT-004-W04,PHOTO_A,12,14,85.0,30.0,44.367,1,2026-07-21 18:00:00
LOT-011,LOT-011-W04,PHOTO_B,12,45,142.0,240.0,44.506,3,2026-07-24 02:00:00
LOT-006,LOT-006-W05,PHOTO_C,15,1,45.0,0.0,0.044537,0,2026-07-22 11:00:00
LOT-008,LOT-008-W02,PHOTO_B,6,22,85.0,270.0,46.219,2,2026-07-23 00:00:00
LOT-004,LOT-004-W03,PHOTO_A,9,32,120.0,210.0,44.665,3,2026-07-21 17:00:00
LOT-010,LOT-010-W01,PHOTO_A,3,3,45.0,60.0,44.974,0,2026-07-23 15:00:00
LOT-006,LOT-006-W03,PHOTO_C,9,25,120.0,0.0,42.027,4,2026-07-22 09:00:00
LOT-006,LOT-006-W04,PHOTO_C,12,2,45.0,30.0,44.294,2,2026-07-22 10:00:00
LOT-006,LOT-006-W04,PHOTO_C,12,14,85.0,30.0,44.454,0,2026-07-22 10:00:00
LOT-006,LOT-006-W01,PHOTO_C,3,0,0.0,0.0,44.986,2,2026-07-22 07:00:00
LOT-005,LOT-005-W04,PHOTO_B,12,28,120.0,90.0,46.144,2,2026-07-22 02:00:00
LOT-005,LOT-005-W05,PHOTO_B,15,24,85.0,330.0,45.764,3,2026-07-22 03:00:00
LOT-007,LOT-007-W01,PHOTO_A,3,2,45.0,30.0,45.379,2,2026-07-22 15:00:00
LOT-004,LOT-004-W04,PHOTO_A,12,24,85.0,330.0,44.903,2,2026-07-21 18:00:00
LOT-006,LOT-006-W02,PHOTO_C,6,10,45.0,270.0,45.589,1,2026-07-22 08:00:00
LOT-001,LOT-001-W04,PHOTO_A,12,18,85.0,150.0,45.932,0,2026-07-20 18:00:00
LOT-005,LOT-005-W04,PHOTO_B,12,8,45.0,210.0,45.658,2,2026-07-22 02:00:00
LOT-006,LOT-006-W03,PHOTO_C,9,23,85.0,300.0,45.048,0,2026-07-22 09:00:00
LOT-003,LOT-003-W04,PHOTO_C,12,10,45.0,270.0,45.289,4,2026-07-21 10:00:00
LOT-003,LOT-003-W01,PHOTO_C,3,1,45.0,0.0,44.295,4,2026-07-21 07:00:00
LOT-003,LOT-003-W04,PHOTO_C,12,25,120.0,0.0,44.558,1,2026-07-21 10:00:00
LOT-012,LOT-012-W01,PHOTO_C,3,3,45.0,60.0,44.446,1,2026-07-24 07:00:00
LOT-005,LOT-005-W03,PHOTO_B,9,37,142.0,0.0,46.643,4,2026-07-22 01:00:00
LOT-006,LOT-006-W05,PHOTO_C,15,0,0.0,0.0,45.272,2,2026-07-22 11:00:00
LOT-011,LOT-011-W03,PHOTO_B,9,32,120.0,210.0,45.618,4,2026-07-24 01:00:00
LOT-004,LOT-004-W03,PHOTO_A,9,37,142.0,0.0,44.41,1,2026-07-21 17:00:00
LOT-008,LOT-008-W01,PHOTO_B,3,41,142.0,120.0,45.082,1,2026-07-22 23:00:00
LOT-010,LOT-010-W02,PHOTO_A,6,16,85.0,90.0,44.578,0,2026-07-23 16:00:00
LOT-006,LOT-006-W02,PHOTO_C,6,27,120.0,60.0,41.421,8,2026-07-22 08:00:00
LOT-003,LOT-003-W02,PHOTO_C,6,45,142.0,240.0,43.829,3,2026-07-21 08:00:00
LOT-010,LOT-010-W03,PHOTO_A,9,25,120.0,0.0,43.64,1,2026-07-23 17:00:00
LOT-006,LOT-006-W03,PHOTO_C,9,30,120.0,150.0,41.305,11,2026-07-22 09:00:00
LOT-004,LOT-004-W04,PHOTO_A,12,27,120.0,60.0,43.688,4,2026-07-21 18:00:00
LOT-008,LOT-008-W05,PHOTO_B,15,22,85.0,270.0,,3,2026-07-23 03:00:00
LOT-006,LOT-006-W04,PHOTO_C,12,6,45.0,150.0,44.603,3,2026-07-22 10:00:00
LOT-006,LOT-006-W02,PHOTO_C,6,14,85.0,30.0,44.229,3,2026-07-22 08:00:00
LOT-004,LOT-004-W03,PHOTO_A,9,44,142.0,210.0,43.913,3,2026-07-21 17:00:00
LOT-008,LOT-008-W01,PHOTO_B,3,6,45.0,150.0,45.66,0,2026-07-22 23:00:00
LOT-012,LOT-012-W02,PHOTO_C,6,39,142.0,60.0,41.522,11,2026-07-24 08:00:00
LOT-003,LOT-003-W05,PHOTO_C,15,10,45.0,270.0,44.933,2,2026-07-21 11:00:00
LOT-007,LOT-007-W02,PHOTO_A,6,8,45.0,210.0,45.185,2,2026-07-22 16:00:00
LOT-001,LOT-001-W03,PHOTO_A,9,28,120.0,90.0,44.521,2,2026-07-20 17:00:00
LOT-009,LOT-009-W02,PHOTO_C,6,24,85.0,330.0,44.895,0,2026-07-23 08:00:00
LOT-009,LOT-009-W04,PHOTO_C,12,41,142.0,120.0,40.818,7,2026-07-23 10:00:00
LOT-007,LOT-007-W05,PHOTO_A,15,26,120.0,30.0,43.594,1,2026-07-22 19:00:00
LOT-002,LOT-002-W04,PHOTO_B,12,6,45.0,150.0,44.863,3,2026-07-21 02:00:00
LOT-006,LOT-006-W03,PHOTO_C,9,8,45.0,210.0,44.642,2,2026-07-22 09:00:00
LOT-001,LOT-001-W04,PHOTO_A,12,22,85.0,270.0,45.284,2,2026-07-20 18:00:00
LOT-004,LOT-004-W05,PHOTO_A,15,19,85.0,180.0,44.434,3,2026-07-21 19:00:00
LOT-006,LOT-006-W01,PHOTO_C,3,11,45.0,300.0,44.562,3,2026-07-22 07:00:00
LOT-005,LOT-005-W04,PHOTO_B,12,15,85.0,60.0,46.021,3,2026-07-22 02:00:00
LOT-011,LOT-011-W01,PHOTO_B,3,11,45.0,300.0,45.819,1,2026-07-23 23:00:00
LOT-001,LOT-001-W05,PHOTO_A,15,43,142.0,180.0,44.495,2,2026-07-20 19:00:00
LOT-009,LOT-009-W01,PHOTO_C,3,35,120.0,300.0,40.897,10,2026-07-23 07:00:00
LOT-010,LOT-010-W05,PHOTO_A,15,23,85.0,300.0,,3,2026-07-23 19:00:00
LOT-002,LOT-002-W03,PHOTO_B,9,24,85.0,330.0,45.432,3,2026-07-21 01:00:00
LOT-001,LOT-001-W01,PHOTO_A,3,27,120.0,60.0,43.547,3,2026-07-20 15:00:00
LOT-001,LOT-001-W02,PHOTO_A,6,2,45.0,30.0,44.266,0,2026-07-20 16:00:00
LOT-003,LOT-003-W03,PHOTO_C,9,3,45.0,60.0,44.572,4,2026-07-21 09:00:00
LOT-010,LOT-010-W04,PHOTO_A,12,44,142.0,210.0,44.673,3,2026-07-23 18:00:00
LOT-005,LOT-005-W04,PHOTO_B,12,5,45.0,120.0,45.397,2,2026-07-22 02:00:00
LOT-009,LOT-009-W02,PHOTO_C,6,14,85.0,30.0,43.892,2,2026-07-23 08:00:00
LOT-003,LOT-003-W01,PHOTO_C,3,11,45.0,300.0,43.735,2,2026-07-21 07:00:00
LOT-010,LOT-010-W01,PHOTO_A,3,9,45.0,240.0,44.298,1,2026-07-23 15:00:00
LOT-002,LOT-002-W03,PHOTO_B,9,35,120.0,300.0,44.625,0,2026-07-21 01:00:00
LOT-008,LOT-008-W04,PHOTO_B,12,45,142.0,240.0,44.679,1,2026-07-23 02:00:00
LOT-003,LOT-003-W04,PHOTO_C,12,32,120.0,210.0,44.154,0,2026-07-21 10:00:00
LOT-005,LOT-005-W02,PHOTO_B,6,42,142.0,150.0,0.045407,0,2026-07-22 00:00:00
LOT-001,LOT-001-W02,PHOTO_A,6,14,85.0,30.0,44.376,3,2026-07-20 16:00:00
LOT-001,LOT-001-W04,PHOTO_A,12,19,85.0,180.0,46.109,4,2026-07-20 18:00:00
LOT-003,LOT-003-W02,PHOTO_C,6,25,120.0,0.0,44.087,1,2026-07-21 08:00:00
LOT-004,LOT-004-W02,PHOTO_A,6,16,85.0,90.0,44.595,1,2026-07-21 16:00:00
LOT-004,LOT-004-W03,PHOTO_A,9,34,120.0,270.0,45.129,2,2026-07-21 17:00:00
LOT-012,LOT-012-W03,PHOTO_C,9,4,45.0,90.0,45.044,1,2026-07-24 09:00:00
LOT-011,LOT-011-W05,PHOTO_B,15,43,142.0,180.0,44.289,0,2026-07-24 03:00:00
LOT-004,LOT-004-W01,PHOTO_A,3,33,120.0,240.0,44.548,2,2026-07-21 15:00:00
LOT-003,LOT-003-W05,PHOTO_C,15,11,45.0,300.0,44.868,1,2026-07-21 11:00:00
LOT-012,LOT-012-W05,PHOTO_C,15,35,120.0,300.0,40.833,7,2026-07-24 11:00:00
LOT-006,LOT-006-W05,PHOTO_C,15,28,120.0,90.0,,9,2026-07-22 11:00:00
LOT-008,LOT-008-W01,PHOTO_B,3,31,120.0,180.0,44.716,1,2026-07-22 23:00:00
LOT-009,LOT-009-W05,PHOTO_C,15,37,142.0,0.0,40.971,10,2026-07-23 11:00:00
LOT-003,LOT-003-W03,PHOTO_C,9,35,120.0,300.0,45.065,1,2026-07-21 09:00:00
LOT-004,LOT-004-W02,PHOTO_A,6,15,85.0,60.0,44.107,0,2026-07-21 16:00:00
LOT-010,LOT-010-W02,PHOTO_A,6,8,45.0,210.0,44.417,2,2026-07-23 16:00:00
LOT-006,LOT-006-W02,PHOTO_C,6,48,142.0,330.0,40.522,10,2026-07-22 08:00:00
LOT-006,LOT-006-W02,PHOTO_C,6,29,120.0,120.0,41.256,7,2026-07-22 08:00:00
LOT-011,LOT-011-W03,PHOTO_B,9,48,142.0,330.0,45.009,0,2026-07-24 01:00:00
LOT-001,LOT-001-W03,PHOTO_A,9,32,120.0,210.0,44.234,1,2026-07-20 17:00:00
LOT-001,LOT-001-W05,PHOTO_A,15,36,120.0,330.0,43.889,3,2026-07-20 19:00:00
LOT-005,LOT-005-W03,PHOTO_B,9,35,120.0,300.0,44.825,1,2026-07-22 01:00:00
LOT-006,LOT-006-W03,PHOTO_C,9,36,120.0,330.0,40.929,7,2026-07-22 09:00:00
LOT-006,LOT-006-W03,PHOTO_C,9,20,85.0,210.0,44.558,3,2026-07-22 09:00:00
LOT-008,LOT-008-W05,PHOTO_B,15,0,0.0,0.0,45.215,1,2026-07-23 03:00:00
LOT-003,LOT-003-W01,PHOTO_C,3,20,85.0,210.0,44.166,0,2026-07-21 07:00:00
LOT-004,LOT-004-W01,PHOTO_A,3,16,85.0,90.0,44.934,0,2026-07-21 15:00:00
LOT-007,LOT-007-W03,PHOTO_A,9,14,85.0,30.0,44.726,2,2026-07-22 17:00:00
LOT-009,LOT-009-W05,PHOTO_C,15,21,85.0,240.0,44.239,0,2026-07-23 11:00:00
LOT-004,LOT-004-W05,PHOTO_A,15,24,85.0,330.0,,2,2026-07-21 19:00:00
LOT-005,LOT-005-W03,PHOTO_B,9,41,142.0,120.0,45.003,1,2026-07-22 01:00:00
LOT-004,LOT-004-W01,PHOTO_A,3,10,45.0,270.0,45.624,2,2026-07-21 15:00:00
LOT-011,LOT-011-W02,PHOTO_B,6,10,45.0,270.0,44.656,2,2026-07-24 00:00:00
LOT-010,LOT-010-W01,PHOTO_A,3,24,85.0,330.0,45.175,5,2026-07-23 15:00:00
LOT-002,LOT-002-W02,PHOTO_B,6,2,45.0,30.0,45.429,3,2026-07-21 00:00:00
LOT-010,LOT-010-W01,PHOTO_A,3,46,142.0,270.0,44.628,3,2026-07-23 15:00:00
LOT-012,LOT-012-W04,PHOTO_C,12,42,142.0,150.0,42.366,7,2026-07-24 10:00:00
LOT-012,LOT-012-W02,PHOTO_C,6,14,85.0,30.0,44.133,0,2026-07-24 08:00:00
LOT-005,LOT-005-W02,PHOTO_B,6,29,120.0,120.0,44.859,5,2026-07-22 00:00:00
LOT-012,LOT-012-W02,PHOTO_C,6,48,142.0,330.0,41.035,6,2026-07-24 08:00:00
LOT-011,LOT-011-W01,PHOTO_B,3,17,85.0,120.0,45.626,0,2026-07-23 23:00:00
LOT-008,LOT-008-W03,PHOTO_B,9,38,142.0,30.0,46.146,2,2026-07-23 01:00:00
LOT-007,LOT-007-W04,PHOTO_A,12,37,142.0,0.0,44.777,1,2026-07-22 18:00:00
LOT-002,LOT-002-W01,PHOTO_B,3,47,142.0,300.0,46.449,0,2026-07-20 23:00:00
LOT-005,LOT-005-W05,PHOTO_B,15,26,120.0,30.0,44.341,4,2026-07-22 03:00:00
LOT-009,LOT-009-W01,PHOTO_C,3,16,85.0,90.0,43.727,0,2026-07-23 07:00:00
LOT-004,LOT-004-W03,PHOTO_A,9,23,85.0,300.0,45.318,4,2026-07-21 17:00:00
LOT-008,LOT-008-W02,PHOTO_B,6,32,120.0,210.0,45.308,0,2026-07-23 00:00:00
LOT-002,LOT-002-W02,PHOTO_B,6,11,45.0,300.0,45.829,4,2026-07-21 00:00:00
LOT-012,LOT-012-W03,PHOTO_C,9,32,120.0,210.0,41.452,9,2026-07-24 09:00:00
LOT-004,LOT-004-W04,PHOTO_A,12,19,85.0,180.0,45.277,3,2026-07-21 18:00:00
LOT-006,LOT-006-W03,PHOTO_C,9,40,142.0,90.0,42.458,3,2026-07-22 09:00:00
LOT-009,LOT-009-W01,PHOTO_C,3,8,45.0,210.0,44.674,0,2026-07-23 07:00:00
LOT-008,LOT-008-W04,PHOTO_B,12,11,45.0,300.0,45.705,2,2026-07-23 02:00:00
LOT-002,LOT-002-W02,PHOTO_B,6,28,120.0,90.0,44.777,0,2026-07-21 00:00:00
LOT-005,LOT-005-W01,PHOTO_B,3,35,120.0,300.0,46.637,2,2026-07-21 23:00:00
LOT-004,LOT-004-W05,PHOTO_A,15,44,142.0,210.0,44.693,0,2026-07-21 19:00:00
LOT-011,LOT-011-W03,PHOTO_B,9,29,120.0,120.0,44.861,1,2026-07-24 01:00:00
LOT-012,LOT-012-W01,PHOTO_C,3,11,45.0,300.0,45.277,3,2026-07-24 07:00:00
LOT-011,LOT-011-W02,PHOTO_B,6,18,85.0,150.0,45.517,4,2026-07-24 00:00:00
LOT-005,LOT-005-W04,PHOTO_B,12,24,85.0,330.0,45.724,1,2026-07-22 02:00:00
LOT-006,LOT-006-W01,PHOTO_C,3,13,85.0,0.0,44.648,2,2026-07-22 07:00:00
LOT-009,LOT-009-W02,PHOTO_C,6,7,45.0,180.0,44.593,0,2026-07-23 08:00:00
LOT-001,LOT-001-W01,PHOTO_A,3,47,142.0,300.0,43.873,2,2026-07-20 15:00:00
LOT-007,LOT-007-W01,PHOTO_A,3,48,142.0,330.0,44.263,1,2026-07-22 15:00:00
LOT-012,LOT-012-W04,PHOTO_C,12,14,85.0,30.0,45.002,1,2026-07-24 10:00:00
LOT-008,LOT-008-W05,PHOTO_B,15,9,45.0,240.0,45.684,4,2026-07-23 03:00:00
LOT-011,LOT-011-W01,PHOTO_B,3,1,45.0,0.0,44.94,0,2026-07-23 23:00:00
LOT-012,LOT-012-W04,PHOTO_C,12,3,45.0,60.0,45.063,0,2026-07-24 10:00:00
LOT-004,LOT-004-W02,PHOTO_A,6,45,142.0,240.0,44.633,2,2026-07-21 16:00:00
LOT-006,LOT-006-W02,PHOTO_C,6,43,142.0,180.0,42.195,5,2026-07-22 08:00:00
LOT-006,LOT-006-W01,PHOTO_C,3,37,142.0,0.0,40.901,12,2026-07-22 07:00:00
LOT-005,LOT-005-W04,PHOTO_B,12,4,45.0,90.0,46.216,3,2026-07-22 02:00:00
LOT-006,LOT-006-W04,PHOTO_C,12,13,85.0,0.0,43.623,3,2026-07-22 10:00:00
LOT-003,LOT-003-W05,PHOTO_C,15,22,85.0,270.0,44.685,3,2026-07-21 11:00:00
LOT-008,LOT-008-W04,PHOTO_B,12,38,142.0,30.0,45.787,0,2026-07-23 02:00:00
LOT-011,LOT-011-W05,PHOTO_B,15,2,45.0,30.0,45.764,1,2026-07-24 03:00:00
LOT-006,LOT-006-W04,PHOTO_C,12,46,142.0,270.0,41.027,6,2026-07-22 10:00:00
LOT-008,LOT-008-W05,PHOTO_B,15,33,120.0,240.0,45.39,2,2026-07-23 03:00:00
LOT-011,LOT-011-W05,PHOTO_B,15,32,120.0,210.0,44.449,2,2026-07-24 03:00:00
LOT-002,LOT-002-W04,PHOTO_B,12,44,142.0,210.0,45.048,1,2026-07-21 02:00:00
LOT-008,LOT-008-W02,PHOTO_B,6,30,120.0,150.0,44.718,5,2026-07-23 00:00:00
LOT-003,LOT-003-W02,PHOTO_C,6,2,45.0,30.0,44.431,2,2026-07-21 08:00:00
LOT-009,LOT-009-W05,PHOTO_C,15,1,45.0,0.0,45.749,3,2026-07-23 11:00:00
LOT-012,LOT-012-W05,PHOTO_C,15,37,142.0,0.0,41.493,8,2026-07-24 11:00:00
LOT-002,LOT-002-W01,PHOTO_B,3,27,120.0,60.0,43.952,4,2026-07-20 23:00:00
LOT-001,LOT-001-W04,PHOTO_A,12,45,142.0,240.0,43.24,2,2026-07-20 18:00:00
LOT-006,LOT-006-W04,PHOTO_C,12,48,142.0,330.0,41.028,4,2026-07-22 10:00:00
LOT-008,LOT-008-W01,PHOTO_B,3,44,142.0,210.0,43.822,2,2026-07-22 23:00:00
LOT-010,LOT-010-W03,PHOTO_A,9,10,45.0,270.0,44.901,0,2026-07-23 17:00:00
LOT-010,LOT-010-W01,PHOTO_A,3,35,120.0,300.0,45.073,0,2026-07-23 15:00:00
LOT-001,LOT-001-W03,PHOTO_A,9,40,142.0,90.0,44.581,2,2026-07-20 17:00:00
LOT-008,LOT-008-W05,PHOTO_B,15,45,142.0,240.0,45.969,1,2026-07-23 03:00:00
LOT-003,LOT-003-W02,PHOTO_C,6,30,120.0,150.0,45.199,3,2026-07-21 08:00:00
LOT-008,LOT-008-W01,PHOTO_B,3,4,45.0,90.0,45.681,1,2026-07-22 23:00:00
LOT-011,LOT-011-W03,PHOTO_B,9,19,85.0,180.0,45.008,1,2026-07-24 01:00:00
LOT-007,LOT-007-W02,PHOTO_A,6,24,85.0,330.0,45.672,2,2026-07-22 16:00:00
LOT-001,LOT-001-W05,PHOTO_A,15,1,45.0,0.0,44.695,1,2026-07-20 19:00:00
LOT-010,LOT-010-W01,PHOTO_A,3,13,85.0,0.0,45.277,3,2026-07-23 15:00:00
LOT-002,LOT-002-W05,PHOTO_B,15,3,45.0,60.0,45.301,4,2026-07-21 03:00:00
LOT-001,LOT-001-W04,PHOTO_A,12,41,142.0,120.0,44.973,0,2026-07-20 18:00:00
LOT-005,LOT-005-W05,PHOTO_B,15,2,45.0,30.0,45.971,3,2026-07-22 03:00:00
LOT-005,LOT-005-W05,PHOTO_B,15,29,120.0,120.0,45.266,1,2026-07-22 03:00:00
LOT-007,LOT-007-W05,PHOTO_A,15,18,85.0,150.0,,1,2026-07-22 19:00:00
LOT-010,LOT-010-W04,PHOTO_A,12,25,120.0,0.0,44.271,4,2026-07-23 18:00:00
LOT-012,LOT-012-W05,PHOTO_C,15,34,120.0,270.0,,3,2026-07-24 11:00:00
LOT-009,LOT-009-W03,PHOTO_C,9,45,142.0,240.0,41.296,8,2026-07-23 09:00:00
LOT-012,LOT-012-W05,PHOTO_C,15,22,85.0,270.0,44.176,0,2026-07-24 11:00:00
LOT-004,LOT-004-W02,PHOTO_A,6,29,120.0,120.0,44.481,0,2026-07-21 16:00:00
LOT-008,LOT-008-W05,PHOTO_B,15,16,85.0,90.0,46.292,4,2026-07-23 03:00:00
LOT-006,LOT-006-W04,PHOTO_C,12,4,45.0,90.0,44.833,1,2026-07-22 10:00:00
LOT-008,LOT-008-W01,PHOTO_B,3,36,120.0,330.0,45.654,0,2026-07-22 23:00:00
LOT-003,LOT-003-W01,PHOTO_C,3,8,45.0,210.0,45.299,0,2026-07-21 07:00:00
LOT-011,LOT-011-W04,PHOTO_B,12,17,85.0,120.0,45.383,2,2026-07-24 02:00:00
LOT-012,LOT-012-W03,PHOTO_C,9,12,45.0,330.0,44.794,1,2026-07-24 09:00:00
LOT-001,LOT-001-W04,PHOTO_A,12,42,142.0,150.0,44.297,2,2026-07-20 18:00:00
LOT-009,LOT-009-W04,PHOTO_C,12,6,45.0,150.0,44.22,2,2026-07-23 10:00:00
LOT-007,LOT-007-W03,PHOTO_A,9,8,45.0,210.0,44.681,3,2026-07-22 17:00:00
LOT-002,LOT-002-W04,PHOTO_B,12,0,0.0,0.0,47.089,0,2026-07-21 02:00:00
LOT-009,LOT-009-W03,PHOTO_C,9,36,120.0,330.0,41.425,9,2026-07-23 09:00:00
LOT-012,LOT-012-W03,PHOTO_C,9,44,142.0,210.0,42.441,7,2026-07-24 09:00:00
LOT-002,LOT-002-W01,PHOTO_B,3,19,85.0,180.0,45.097,2,2026-07-20 23:00:00
LOT-003,LOT-003-W03,PHOTO_C,9,34,120.0,270.0,44.38,3,2026-07-21 09:00:00
LOT-005,LOT-005-W02,PHOTO_B,6,1,45.0,0.0,45.085,3,2026-07-22 00:00:00
LOT-007,LOT-007-W03,PHOTO_A,9,19,85.0,180.0,45.072,3,2026-07-22 17:00:00
LOT-006,LOT-006-W02,PHOTO_C,6,13,85.0,0.0,44.495,0,2026-07-22 08:00:00
LOT-007,LOT-007-W01,PHOTO_A,3,45,142.0,240.0,44.013,3,2026-07-22 15:00:00
LOT-012,LOT-012-W04,PHOTO_C,12,41,142.0,120.0,40.836,5,2026-07-24 10:00:00
LOT-003,LOT-003-W03,PHOTO_C,9,40,142.0,90.0,44.823,2,2026-07-21 09:00:00
LOT-006,LOT-006-W05,PHOTO_C,15,48,142.0,330.0,41.633,7,2026-07-22 11:00:00
LOT-001,LOT-001-W03,PHOTO_A,9,31,120.0,180.0,45.111,1,2026-07-20 17:00:00
LOT-007,LOT-007-W02,PHOTO_A,6,3,45.0,60.0,45.654,1,2026-07-22 16:00:00
LOT-009,LOT-009-W04,PHOTO_C,12,20,85.0,210.0,44.684,0,2026-07-23 10:00:00
LOT-003,LOT-003-W03,PHOTO_C,9,33,120.0,240.0,44.407,3,2026-07-21 09:00:00
LOT-005,LOT-005-W02,PHOTO_B,6,36,120.0,330.0,45.788,0,2026-07-22 00:00:00
LOT-008,LOT-008-W01,PHOTO_B,3,7,45.0,180.0,45.428,2,2026-07-22 23:00:00
LOT-008,LOT-008-W04,PHOTO_B,12,40,142.0,90.0,45.379,0,2026-07-23 02:00:00
LOT-006,LOT-006-W04,PHOTO_C,12,41,142.0,120.0,41.339,1,2026-07-22 10:00:00
LOT-009,LOT-009-W04,PHOTO_C,12,5,45.0,120.0,44.206,0,2026-07-23 10:00:00
LOT-002,LOT-002-W02,PHOTO_B,6,19,85.0,180.0,45.156,3,2026-07-21 00:00:00
LOT-010,LOT-010-W01,PHOTO_A,3,28,120.0,90.0,45.163,3,2026-07-23 15:00:00
LOT-010,LOT-010-W04,PHOTO_A,12,41,142.0,120.0,43.945,1,2026-07-23 18:00:00
LOT-010,LOT-010-W01,PHOTO_A,3,21,85.0,240.0,44.623,0,2026-07-23 15:00:00
LOT-008,LOT-008-W04,PHOTO_B,12,3,45.0,60.0,46.113,3,2026-07-23 02:00:00
LOT-007,LOT-007-W02,PHOTO_A,6,1,45.0,0.0,45.283,3,2026-07-22 16:00:00
LOT-002,LOT-002-W02,PHOTO_B,6,44,142.0,210.0,45.338,0,2026-07-21 00:00:00
LOT-007,LOT-007-W03,PHOTO_A,9,0,0.0,0.0,45.889,1,2026-07-22 17:00:00
LOT-012,LOT-012-W04,PHOTO_C,12,15,85.0,60.0,45.352,1,2026-07-24 10:00:00
LOT-003,LOT-003-W01,PHOTO_C,3,41,142.0,120.0,44.165,1,2026-07-21 07:00:00
LOT-005,LOT-005-W01,PHOTO_B,3,42,142.0,150.0,46.299,1,2026-07-21 23:00:00
LOT-002,LOT-002-W01,PHOTO_B,3,37,142.0,0.0,44.033,0,2026-07-20 23:00:00
LOT-010,LOT-010-W03,PHOTO_A,9,36,120.0,330.0,44.087,2,2026-07-23 17:00:00
LOT-004,LOT-004-W03,PHOTO_A,9,31,120.0,180.0,44.83,1,2026-07-21 17:00:00
LOT-008,LOT-008-W01,PHOTO_B,3,15,85.0,60.0,46.326,2,2026-07-22 23:00:00
LOT-001,LOT-001-W04,PHOTO_A,12,36,120.0,330.0,44.268,2,2026-07-20 18:00:00
LOT-006,LOT-006-W02,PHOTO_C,6,18,85.0,150.0,0.045117,1,2026-07-22 08:00:00
LOT-005,LOT-005-W04,PHOTO_B,12,6,45.0,150.0,45.467,1,2026-07-22 02:00:00
LOT-007,LOT-007-W01,PHOTO_A,3,15,85.0,60.0,45.446,0,2026-07-22 15:00:00
LOT-004,LOT-004-W01,PHOTO_A,3,14,85.0,30.0,44.435,3,2026-07-21 15:00:00
LOT-012,LOT-012-W02,PHOTO_C,6,27,120.0,60.0,41.78,10,2026-07-24 08:00:00
LOT-009,LOT-009-W05,PHOTO_C,15,0,0.0,0.0,45.348,2,2026-07-23 11:00:00
LOT-004,LOT-004-W01,PHOTO_A,3,26,120.0,30.0,44.742,1,2026-07-21 15:00:00
LOT-007,LOT-007-W04,PHOTO_A,12,34,120.0,270.0,45.476,1,2026-07-22 18:00:00
LOT-010,LOT-010-W01,PHOTO_A,3,0,0.0,0.0,44.931,2,2026-07-23 15:00:00
LOT-008,LOT-008-W03,PHOTO_B,9,18,85.0,150.0,45.362,2,2026-07-23 01:00:00
LOT-009,LOT-009-W01,PHOTO_C,3,23,85.0,300.0,44.623,3,2026-07-23 07:00:00
LOT-006,LOT-006-W04,PHOTO_C,12,28,120.0,90.0,41.385,11,2026-07-22 10:00:00
LOT-009,LOT-009-W01,PHOTO_C,3,45,142.0,240.0,41.116,5,2026-07-23 07:00:00
LOT-007,LOT-007-W05,PHOTO_A,15,44,142.0,210.0,44.512,2,2026-07-22 19:00:00
LOT-009,LOT-009-W04,PHOTO_C,12,30,120.0,150.0,41.123,6,2026-07-23 10:00:00
LOT-001,LOT-001-W04,PHOTO_A,12,25,120.0,0.0,44.872,3,2026-07-20 18:00:00
LOT-008,LOT-008-W01,PHOTO_B,3,29,120.0,120.0,46.105,1,2026-07-22 23:00:00
LOT-011,LOT-011-W03,PHOTO_B,9,18,85.0,150.0,45.339,4,2026-07-24 01:00:00
LOT-003,LOT-003-W02,PHOTO_C,6,7,45.0,180.0,45.829,1,2026-07-21 08:00:00
LOT-008,LOT-008-W03,PHOTO_B,9,46,142.0,270.0,44.724,1,2026-07-23 01:00:00
LOT-005,LOT-005-W05,PHOTO_B,15,39,142.0,60.0,45.073,3,2026-07-22 03:00:00
LOT-012,LOT-012-W04,PHOTO_C,12,8,45.0,210.0,43.772,2,2026-07-24 10:00:00
LOT-005,LOT-005-W05,PHOTO_B,15,46,142.0,270.0,44.483,1,2026-07-22 03:00:00
LOT-009,LOT-009-W04,PHOTO_C,12,36,120.0,330.0,41.011,5,2026-07-23 10:00:00
LOT-009,LOT-009-W05,PHOTO_C,15,3,45.0,60.0,44.28,3,2026-07-23 11:00:00
LOT-010,LOT-010-W03,PHOTO_A,9,5,45.0,120.0,44.998,0,2026-07-23 17:00:00
LOT-010,LOT-010-W01,PHOTO_A,3,36,120.0,330.0,44.635,0,2026-07-23 15:00:00
LOT-006,LOT-006-W05,PHOTO_C,15,10,45.0,270.0,44.214,1,2026-07-22 11:00:00
LOT-004,LOT-004-W03,PHOTO_A,9,33,120.0,240.0,44.96,2,2026-07-21 17:00:00
LOT-005,LOT-005-W03,PHOTO_B,9,13,85.0,0.0,44.57,0,2026-07-22 01:00:00
LOT-003,LOT-003-W04,PHOTO_C,12,34,120.0,270.0,44.295,2,2026-07-21 10:00:00
LOT-012,LOT-012-W02,PHOTO_C,6,25,120.0,0.0,41.274,3,2026-07-24 08:00:00
LOT-005,LOT-005-W03,PHOTO_B,9,27,120.0,60.0,45.593,0,2026-07-22 01:00:00
LOT-007,LOT-007-W03,PHOTO_A,9,18,85.0,150.0,44.852,3,2026-07-22 17:00:00
LOT-002,LOT-002-W01,PHOTO_B,3,24,85.0,330.0,45.43,4,2026-07-20 23:00:00
LOT-001,LOT-001-W02,PHOTO_A,6,30,120.0,150.0,44.422,2,2026-07-20 16:00:00
LOT-011,LOT-011-W01,PHOTO_B,3,10,45.0,270.0,46.742,1,2026-07-23 23:00:00
LOT-004,LOT-004-W03,PHOTO_A,9,2,45.0,30.0,45.124,1,2026-07-21 17:00:00
LOT-003,LOT-003-W04,PHOTO_C,12,21,85.0,240.0,44.369,4,2026-07-21 10:00:00
LOT-006,LOT-006-W02,PHOTO_C,6,33,120.0,240.0,41.034,4,2026-07-22 08:00:00
LOT-006,LOT-006-W02,PHOTO_C,6,47,142.0,300.0,42.15,8,2026-07-22 08:00:00
LOT-002,LOT-002-W05,PHOTO_B,15,39,142.0,60.0,44.606,2,2026-07-21 03:00:00
LOT-003,LOT-003-W05,PHOTO_C,15,30,120.0,150.0,44.112,2,2026-07-21 11:00:00
LOT-010,LOT-010-W05,PHOTO_A,15,2,45.0,30.0,,3,2026-07-23 19:00:00
LOT-012,LOT-012-W01,PHOTO_C,3,9,45.0,240.0,45.086,1,2026-07-24 07:00:00
LOT-001,LOT-001-W05,PHOTO_A,15,48,142.0,330.0,44.978,0,2026-07-20 19:00:00
LOT-007,LOT-007-W01,PHOTO_A,3,7,45.0,180.0,43.962,3,2026-07-22 15:00:00
LOT-006,LOT-006-W01,PHOTO_C,3,35,120.0,300.0,41.846,8,2026-07-22 07:00:00
LOT-012,LOT-012-W05,PHOTO_C,15,9,45.0,240.0,44.81,3,2026-07-24 11:00:00
LOT-010,LOT-010-W05,PHOTO_A,15,20,85.0,210.0,45.28,5,2026-07-23 19:00:00
LOT-005,LOT-005-W03,PHOTO_B,9,17,85.0,120.0,45.002,3,2026-07-22 01:00:00
LOT-005,LOT-005-W03,PHOTO_B,9,43,142.0,180.0,44.343,1,2026-07-22 01:00:00
LOT-001,LOT-001-W01,PHOTO_A,3,16,85.0,90.0,45.209,2,2026-07-20 15:00:00
LOT-002,LOT-002-W05,PHOTO_B,15,13,85.0,0.0,46.011,3,2026-07-21 03:00:00
LOT-006,LOT-006-W02,PHOTO_C,6,46,142.0,270.0,41.09,11,2026-07-22 08:00:00
LOT-005,LOT-005-W05,PHOTO_B,15,44,142.0,210.0,46.051,2,2026-07-22 03:00:00
LOT-011,LOT-011-W04,PHOTO_B,12,18,85.0,150.0,44.213,0,2026-07-24 02:00:00
LOT-001,LOT-001-W01,PHOTO_A,3,29,120.0,120.0,44.685,4,2026-07-20 15:00:00
LOT-012,LOT-012-W05,PHOTO_C,15,39,142.0,60.0,40.118,1,2026-07-24 11:00:00
LOT-003,LOT-003-W04,PHOTO_C,12,1,45.0,0.0,45.283,0,2026-07-21 10:00:00
LOT-005,LOT-005-W01,PHOTO_B,3,21,85.0,240.0,44.555,1,2026-07-21 23:00:00
LOT-004,LOT-004-W04,PHOTO_A,12,43,142.0,180.0,43.459,2,2026-07-21 18:00:00
LOT-012,LOT-012-W01,PHOTO_C,3,22,85.0,270.0,44.495,3,2026-07-24 07:00:00
LOT-011,LOT-011-W02,PHOTO_B,6,0,0.0,0.0,45.094,2,2026-07-24 00:00:00
LOT-001,LOT-001-W02,PHOTO_A,6,31,120.0,180.0,0.044676,0,2026-07-20 16:00:00
LOT-006,LOT-006-W02,PHOTO_C,6,38,142.0,30.0,41.488,6,2026-07-22 08:00:00
LOT-003,LOT-003-W04,PHOTO_C,12,24,85.0,330.0,44.805,2,2026-07-21 10:00:00
LOT-010,LOT-010-W03,PHOTO_A,9,31,120.0,180.0,44.529,2,2026-07-23 17:00:00
LOT-005,LOT-005-W04,PHOTO_B,12,27,120.0,60.0,45.096,3,2026-07-22 02:00:00
LOT-009,LOT-009-W03,PHOTO_C,9,47,142.0,300.0,40.643,4,2026-07-23 09:00:00
LOT-006,LOT-006-W02,PHOTO_C,6,9,45.0,240.0,45.475,1,2026-07-22 08:00:00
LOT-009,LOT-009-W02,PHOTO_C,6,6,45.0,150.0,44.671,3,2026-07-23 08:00:00
LOT-003,LOT-003-W03,PHOTO_C,9,11,45.0,300.0,44.654,4,2026-07-21 09:00:00
LOT-006,LOT-006-W04,PHOTO_C,12,16,85.0,90.0,44.59,2,2026-07-22 10:00:00
LOT-001,LOT-001-W05,PHOTO_A,15,37,142.0,0.0,45.222,2,2026-07-20 19:00:00
LOT-009,LOT-009-W04,PHOTO_C,12,43,142.0,180.0,42.079,9,2026-07-23 10:00:00
LOT-005,LOT-005-W05,PHOTO_B,15,48,142.0,330.0,44.442,2,2026-07-22 03:00:00
LOT-005,LOT-005-W02,PHOTO_B,6,11,45.0,300.0,45.875,2,2026-07-22 00:00:00
LOT-006,LOT-006-W05,PHOTO_C,15,7,45.0,180.0,43.559,4,2026-07-22 11:00:00
LOT-005,LOT-005-W04,PHOTO_B,12,41,142.0,120.0,44.984,1,2026-07-22 02:00:00
LOT-009,LOT-009-W01,PHOTO_C,3,20,85.0,210.0,44.231,0,2026-07-23 07:00:00
LOT-001,LOT-001-W01,PHOTO_A,3,8,45.0,210.0,45.183,6,2026-07-20 15:00:00
LOT-003,LOT-003-W04,PHOTO_C,12,36,120.0,330.0,44.889,1,2026-07-21 10:00:00
LOT-011,LOT-011-W05,PHOTO_B,15,46,142.0,270.0,45.292,0,2026-07-24 03:00:00
LOT-012,LOT-012-W02,PHOTO_C,6,16,85.0,90.0,45.193,2,2026-07-24 08:00:00
LOT-003,LOT-003-W04,PHOTO_C,12,14,85.0,30.0,44.88,1,2026-07-21 10:00:00
LOT-010,LOT-010-W05,PHOTO_A,15,17,85.0,120.0,44.784,3,2026-07-23 19:00:00
LOT-010,LOT-010-W04,PHOTO_A,12,31,120.0,180.0,44.257,2,2026-07-23 18:00:00
LOT-010,LOT-010-W03,PHOTO_A,9,14,85.0,30.0,46.008,0,2026-07-23 17:00:00
LOT-003,LOT-003-W01,PHOTO_C,3,36,120.0,330.0,44.588,4,2026-07-21 07:00:00
LOT-009,LOT-009-W02,PHOTO_C,6,38,142.0,30.0,42.039,11,2026-07-23 08:00:00
LOT-006,LOT-006-W03,PHOTO_C,9,35,120.0,300.0,41.979,11,2026-07-22 09:00:00
LOT-011,LOT-011-W02,PHOTO_B,6,28,120.0,90.0,44.462,2,2026-07-24 00:00:00
LOT-009,LOT-009-W03,PHOTO_C,9,5,45.0,120.0,44.816,2,2026-07-23 09:00:00
LOT-003,LOT-003-W03,PHOTO_C,9,44,142.0,210.0,44.701,4,2026-07-21 09:00:00
LOT-003,LOT-003-W03,PHOTO_C,9,46,142.0,270.0,43.994,1,2026-07-21 09:00:00
LOT-011,LOT-011-W01,PHOTO_B,3,40,142.0,90.0,45.879,3,2026-07-23 23:00:00
LOT-004,LOT-004-W04,PHOTO_A,12,11,45.0,300.0,45.618,1,2026-07-21 18:00:00
LOT-008,LOT-008-W02,PHOTO_B,6,2,45.0,30.0,44.833,1,2026-07-23 00:00:00
LOT-002,LOT-002-W03,PHOTO_B,9,7,45.0,180.0,45.016,2,2026-07-21 01:00:00
LOT-004,LOT-004-W03,PHOTO_A,9,16,85.0,90.0,45.185,0,2026-07-21 17:00:00
LOT-009,LOT-009-W04,PHOTO_C,12,8,45.0,210.0,44.829,2,2026-07-23 10:00:00
LOT-009,LOT-009-W04,PHOTO_C,12,45,142.0,240.0,41.881,3,2026-07-23 10:00:00
LOT-004,LOT-004-W03,PHOTO_A,9,40,142.0,90.0,44.002,3,2026-07-21 17:00:00
LOT-009,LOT-009-W02,PHOTO_C,6,2,45.0,30.0,44.176,0,2026-07-23 08:00:00
LOT-009,LOT-009-W03,PHOTO_C,9,8,45.0,210.0,44.345,2,2026-07-23 09:00:00
LOT-001,LOT-001-W05,PHOTO_A,15,9,45.0,240.0,44.341,3,2026-07-20 19:00:00
LOT-004,LOT-004-W03,PHOTO_A,9,27,120.0,60.0,44.568,0,2026-07-21 17:00:00
LOT-004,LOT-004-W04,PHOTO_A,12,28,120.0,90.0,44.94,2,2026-07-21 18:00:00
LOT-005,LOT-005-W05,PHOTO_B,15,23,85.0,300.0,45.688,1,2026-07-22 03:00:00
LOT-010,LOT-010-W04,PHOTO_A,12,36,120.0,330.0,44.824,0,2026-07-23 18:00:00
LOT-007,LOT-007-W05,PHOTO_A,15,28,120.0,90.0,43.893,2,2026-07-22 19:00:00
LOT-005,LOT-005-W02,PHOTO_B,6,37,142.0,0.0,45.061,0,2026-07-22 00:00:00
LOT-003,LOT-003-W03,PHOTO_C,9,41,142.0,120.0,43.851,4,2026-07-21 09:00:00
LOT-001,LOT-001-W04,PHOTO_A,12,10,45.0,270.0,44.602,2,2026-07-20 18:00:00
LOT-008,LOT-008-W01,PHOTO_B,3,26,120.0,30.0,45.826,2,2026-07-22 23:00:00
LOT-011,LOT-011-W01,PHOTO_B,3,34,120.0,270.0,44.316,3,2026-07-23 23:00:00
LOT-011,LOT-011-W05,PHOTO_B,15,17,85.0,120.0,44.622,0,2026-07-24 03:00:00
LOT-004,LOT-004-W03,PHOTO_A,9,17,85.0,120.0,44.878,2,2026-07-21 17:00:00
LOT-011,LOT-011-W05,PHOTO_B,15,8,45.0,210.0,45.251,2,2026-07-24 03:00:00
LOT-006,LOT-006-W01,PHOTO_C,3,9,45.0,240.0,45.72,2,2026-07-22 07:00:00
LOT-009,LOT-009-W03,PHOTO_C,9,14,85.0,30.0,44.761,1,2026-07-23 09:00:00
LOT-010,LOT-010-W02,PHOTO_A,6,21,85.0,240.0,44.15,3,2026-07-23 16:00:00
LOT-001,LOT-001-W04,PHOTO_A,12,24,85.0,330.0,45.637,2,2026-07-20 18:00:00
LOT-012,LOT-012-W05,PHOTO_C,15,11,45.0,300.0,46.284,0,2026-07-24 11:00:00
LOT-004,LOT-004-W02,PHOTO_A,6,47,142.0,300.0,43.881,0,2026-07-21 16:00:00
LOT-006,LOT-006-W02,PHOTO_C,6,6,45.0,150.0,44.907,3,2026-07-22 08:00:00
LOT-010,LOT-010-W03,PHOTO_A,9,38,142.0,30.0,45.06,1,2026-07-23 17:00:00
LOT-008,LOT-008-W05,PHOTO_B,15,34,120.0,270.0,,4,2026-07-23 03:00:00
LOT-007,LOT-007-W05,PHOTO_A,15,9,45.0,240.0,45.383,0,2026-07-22 19:00:00
LOT-003,LOT-003-W02,PHOTO_C,6,5,45.0,120.0,44.766,0,2026-07-21 08:00:00
LOT-008,LOT-008-W04,PHOTO_B,12,0,0.0,0.0,45.906,2,2026-07-23 02:00:00
LOT-002,LOT-002-W03,PHOTO_B,9,3,45.0,60.0,44.822,2,2026-07-21 01:00:00
LOT-007,LOT-007-W04,PHOTO_A,12,29,120.0,120.0,45.016,1,2026-07-22 18:00:00
LOT-009,LOT-009-W05,PHOTO_C,15,18,85.0,150.0,43.789,3,2026-07-23 11:00:00
LOT-009,LOT-009-W05,PHOTO_C,15,41,142.0,120.0,42.582,5,2026-07-23 11:00:00
LOT-005,LOT-005-W03,PHOTO_B,9,33,120.0,240.0,45.414,2,2026-07-22 01:00:00
LOT-012,LOT-012-W04,PHOTO_C,12,36,120.0,330.0,41.957,7,2026-07-24 10:00:00
LOT-011,LOT-011-W04,PHOTO_B,12,21,85.0,240.0,45.392,4,2026-07-24 02:00:00
LOT-007,LOT-007-W02,PHOTO_A,6,25,120.0,0.0,43.319,2,2026-07-22 16:00:00
LOT-011,LOT-011-W01,PHOTO_B,3,28,120.0,90.0,46.987,2,2026-07-23 23:00:00
LOT-012,LOT-012-W04,PHOTO_C,12,21,85.0,240.0,44.333,2,2026-07-24 10:00:00
LOT-011,LOT-011-W02,PHOTO_B,6,29,120.0,120.0,45.377,1,2026-07-24 00:00:00
LOT-011,LOT-011-W02,PHOTO_B,6,30,120.0,150.0,44.595,2,2026-07-24 00:00:00
LOT-001,LOT-001-W02,PHOTO_A,6,41,142.0,120.0,43.51,2,2026-07-20 16:00:00
LOT-001,LOT-001-W03,PHOTO_A,9,3,45.0,60.0,43.914,2,2026-07-20 17:00:00
LOT-012,LOT-012-W04,PHOTO_C,12,29,120.0,120.0,41.342,1,2026-07-24 10:00:00
LOT-002,LOT-002-W04,PHOTO_B,12,32,120.0,210.0,44.842,3,2026-07-21 02:00:00
LOT-007,LOT-007-W04,PHOTO_A,12,7,45.0,180.0,45.304,1,2026-07-22 18:00:00
LOT-012,LOT-012-W04,PHOTO_C,12,27,120.0,60.0,42.257,2,2026-07-24 10:00:00
LOT-010,LOT-010-W02,PHOTO_A,6,0,0.0,0.0,43.792,2,2026-07-23 16:00:00
LOT-002,LOT-002-W04,PHOTO_B,12,17,85.0,120.0,45.202,0,2026-07-21 02:00:00
LOT-012,LOT-012-W04,PHOTO_C,12,32,120.0,210.0,40.456,10,2026-07-24 10:00:00
LOT-003,LOT-003-W01,PHOTO_C,3,12,45.0,330.0,44.776,3,2026-07-21 07:00:00
LOT-008,LOT-008-W02,PHOTO_B,6,5,45.0,120.0,45.743,2,2026-07-23 00:00:00
LOT-003,LOT-003-W04,PHOTO_C,12,0,0.0,0.0,44.207,2,2026-07-21 10:00:00
LOT-011,LOT-011-W01,PHOTO_B,3,33,120.0,240.0,44.847,2,2026-07-23 23:00:00
LOT-006,LOT-006-W01,PHOTO_C,3,1,45.0,0.0,44.015,2,2026-07-22 07:00:00
LOT-004,LOT-004-W04,PHOTO_A,12,38,142.0,30.0,44.551,2,2026-07-21 18:00:00
LOT-004,LOT-004-W05,PHOTO_A,15,1,45.0,0.0,44.35,0,2026-07-21 19:00:00
LOT-003,LOT-003-W05,PHOTO_C,15,43,142.0,180.0,44.529,2,2026-07-21 11:00:00
LOT-009,LOT-009-W02,PHOTO_C,6,3,45.0,60.0,44.623,0,2026-07-23 08:00:00
LOT-001,LOT-001-W03,PHOTO_A,9,11,45.0,300.0,44.823,0,2026-07-20 17:00:00
LOT-005,LOT-005-W02,PHOTO_B,6,48,142.0,330.0,44.873,1,2026-07-22 00:00:00
LOT-003,LOT-003-W03,PHOTO_C,9,8,45.0,210.0,45.175,6,2026-07-21 09:00:00
LOT-001,LOT-001-W03,PHOTO_A,9,4,45.0,90.0,45.834,2,2026-07-20 17:00:00
LOT-004,LOT-004-W01,PHOTO_A,3,31,120.0,180.0,44.245,1,2026-07-21 15:00:00
LOT-002,LOT-002-W04,PHOTO_B,12,30,120.0,150.0,45.606,1,2026-07-21 02:00:00
LOT-004,LOT-004-W05,PHOTO_A,15,35,120.0,300.0,44.179,2,2026-07-21 19:00:00
LOT-006,LOT-006-W03,PHOTO_C,9,32,120.0,210.0,41.398,10,2026-07-22 09:00:00
LOT-002,LOT-002-W04,PHOTO_B,12,27,120.0,60.0,45.735,2,2026-07-21 02:00:00
LOT-004,LOT-004-W01,PHOTO_A,3,22,85.0,270.0,44.189,1,2026-07-21 15:00:00
LOT-005,LOT-005-W01,PHOTO_B,3,17,85.0,120.0,45.392,0,2026-07-21 23:00:00
LOT-001,LOT-001-W03,PHOTO_A,9,13,85.0,0.0,44.869,1,2026-07-20 17:00:00
LOT-002,LOT-002-W03,PHOTO_B,9,30,120.0,150.0,45.018,3,2026-07-21 01:00:00
LOT-009,LOT-009-W01,PHOTO_C,3,22,85.0,270.0,44.909,3,2026-07-23 07:00:00
LOT-002,LOT-002-W03,PHOTO_B,9,21,85.0,240.0,45.245,0,2026-07-21 01:00:00
LOT-003,LOT-003-W03,PHOTO_C,9,21,85.0,240.0,43.809,3,2026-07-21 09:00:00
LOT-005,LOT-005-W03,PHOTO_B,9,24,85.0,330.0,45.657,2,2026-07-22 01:00:00
LOT-006,LOT-006-W05,PHOTO_C,15,31,120.0,180.0,39.878,8,2026-07-22 11:00:00
LOT-001,LOT-001-W02,PHOTO_A,6,29,120.0,120.0,45.324,1,2026-07-20 16:00:00
LOT-005,LOT-005-W02,PHOTO_B,6,15,85.0,60.0,44.5,4,2026-07-22 00:00:00
LOT-001,LOT-001-W02,PHOTO_A,6,20,85.0,210.0,45.235,2,2026-07-20 16:00:00
LOT-001,LOT-001-W05,PHOTO_A,15,27,120.0,60.0,44.956,0,2026-07-20 19:00:00
LOT-001,LOT-001-W05,PHOTO_A,15,46,142.0,270.0,44.433,6,2026-07-20 19:00:00
LOT-003,LOT-003-W01,PHOTO_C,3,33,120.0,240.0,44.246,2,2026-07-21 07:00:00
LOT-010,LOT-010-W02,PHOTO_A,6,40,142.0,90.0,43.953,0,2026-07-23 16:00:00
LOT-001,LOT-001-W03,PHOTO_A,9,43,142.0,180.0,45.107,1,2026-07-20 17:00:00
LOT-008,LOT-008-W04,PHOTO_B,12,7,45.0,180.0,45.221,2,2026-07-23 02:00:00
LOT-012,LOT-012-W03,PHOTO_C,9,47,142.0,300.0,41.447,8,2026-07-24 09:00:00
LOT-006,LOT-006-W02,PHOTO_C,6,28,120.0,90.0,40.921,3,2026-07-22 08:00:00
LOT-005,LOT-005-W02,PHOTO_B,6,34,120.0,270.0,44.767,2,2026-07-22 00:00:00
LOT-008,LOT-008-W01,PHOTO_B,3,27,120.0,60.0,45.587,2,2026-07-22 23:00:00
LOT-008,LOT-008-W05,PHOTO_B,15,5,45.0,120.0,45.441,1,2026-07-23 03:00:00
LOT-004,LOT-004-W05,PHOTO_A,15,5,45.0,120.0,44.633,1,2026-07-21 19:00:00
LOT-003,LOT-003-W03,PHOTO_C,9,45,142.0,240.0,44.107,3,2026-07-21 09:00:00
LOT-007,LOT-007-W05,PHOTO_A,15,25,120.0,0.0,44.411,2,2026-07-22 19:00:00
LOT-009,LOT-009-W01,PHOTO_C,3,6,45.0,150.0,45.267,5,2026-07-23 07:00:00
LOT-008,LOT-008-W01,PHOTO_B,3,37,142.0,0.0,45.746,4,2026-07-22 23:00:00
LOT-004,LOT-004-W01,PHOTO_A,3,15,85.0,60.0,44.055,0,2026-07-21 15:00:00
LOT-006,LOT-006-W04,PHOTO_C,12,39,142.0,60.0,40.608,7,2026-07-22 10:00:00
LOT-007,LOT-007-W01,PHOTO_A,3,22,85.0,270.0,43.201,4,2026-07-22 15:00:00
LOT-008,LOT-008-W05,PHOTO_B,15,14,85.0,30.0,44.247,2,2026-07-23 03:00:00
LOT-008,LOT-008-W01,PHOTO_B,3,34,120.0,270.0,44.787,5,2026-07-22 23:00:00
LOT-006,LOT-006-W03,PHOTO_C,9,10,45.0,270.0,43.616,1,2026-07-22 09:00:00
LOT-010,LOT-010-W02,PHOTO_A,6,11,45.0,300.0,44.097,3,2026-07-23 16:00:00
LOT-012,LOT-012-W02,PHOTO_C,6,19,85.0,180.0,44.577,2,2026-07-24 08:00:00
LOT-011,LOT-011-W05,PHOTO_B,15,6,45.0,150.0,45.056,0,2026-07-24 03:00:00
LOT-003,LOT-003-W01,PHOTO_C,3,3,45.0,60.0,44.741,3,2026-07-21 07:00:00
LOT-011,LOT-011-W05,PHOTO_B,15,13,85.0,0.0,45.499,2,2026-07-24 03:00:00
LOT-002,LOT-002-W01,PHOTO_B,3,28,120.0,90.0,0.045116,2,2026-07-20 23:00:00
LOT-002,LOT-002-W05,PHOTO_B,15,32,120.0,210.0,45.384,0,2026-07-21 03:00:00
LOT-003,LOT-003-W02,PHOTO_C,6,26,120.0,30.0,43.837,1,2026-07-21 08:00:00
LOT-007,LOT-007-W04,PHOTO_A,12,3,45.0,60.0,44.697,2,2026-07-22 18:00:00
LOT-001,LOT-001-W03,PHOTO_A,9,12,45.0,330.0,44.802,1,2026-07-20 17:00:00
LOT-012,LOT-012-W02,PHOTO_C,6,34,120.0,270.0,41.149,7,2026-07-24 08:00:00
LOT-007,LOT-007-W04,PHOTO_A,12,5,45.0,120.0,44.579,1,2026-07-22 18:00:00
LOT-007,LOT-007-W05,PHOTO_A,15,38,142.0,30.0,44.408,1,2026-07-22 19:00:00
LOT-001,LOT-001-W03,PHOTO_A,9,15,85.0,60.0,44.538,2,2026-07-20 17:00:00
LOT-006,LOT-006-W03,PHOTO_C,9,14,85.0,30.0,44.733,1,2026-07-22 09:00:00
LOT-011,LOT-011-W05,PHOTO_B,15,10,45.0,270.0,,3,2026-07-24 03:00:00
LOT-002,LOT-002-W03,PHOTO_B,9,23,85.0,300.0,45.371,0,2026-07-21 01:00:00
LOT-005,LOT-005-W03,PHOTO_B,9,11,45.0,300.0,45.175,2,2026-07-22 01:00:00
LOT-009,LOT-009-W01,PHOTO_C,3,47,142.0,300.0,41.952,7,2026-07-23 07:00:00
LOT-004,LOT-004-W03,PHOTO_A,9,18,85.0,150.0,44.307,2,2026-07-21 17:00:00
LOT-004,LOT-004-W03,PHOTO_A,9,5,45.0,120.0,44.195,0,2026-07-21 17:00:00
LOT-010,LOT-010-W04,PHOTO_A,12,7,45.0,180.0,44.894,1,2026-07-23 18:00:00
LOT-003,LOT-003-W05,PHOTO_C,15,39,142.0,60.0,44.219,2,2026-07-21 11:00:00
LOT-009,LOT-009-W04,PHOTO_C,12,35,120.0,300.0,40.992,7,2026-07-23 10:00:00
LOT-009,LOT-009-W03,PHOTO_C,9,48,142.0,330.0,41.82,6,2026-07-23 09:00:00
LOT-002,LOT-002-W03,PHOTO_B,9,22,85.0,270.0,46.023,0,2026-07-21 01:00:00
LOT-001,LOT-001-W01,PHOTO_A,3,35,120.0,300.0,44.312,1,2026-07-20 15:00:00
LOT-011,LOT-011-W03,PHOTO_B,9,22,85.0,270.0,45.702,2,2026-07-24 01:00:00
LOT-008,LOT-008-W02,PHOTO_B,6,15,85.0,60.0,45.586,2,2026-07-23 00:00:00
LOT-006,LOT-006-W04,PHOTO_C,12,21,85.0,240.0,43.972,1,2026-07-22 10:00:00
LOT-001,LOT-001-W03,PHOTO_A,9,41,142.0,120.0,44.797,0,2026-07-20 17:00:00
LOT-002,LOT-002-W05,PHOTO_B,15,41,142.0,120.0,45.491,2,2026-07-21 03:00:00
LOT-010,LOT-010-W03,PHOTO_A,9,15,85.0,60.0,43.997,2,2026-07-23 17:00:00
LOT-008,LOT-008-W02,PHOTO_B,6,43,142.0,180.0,45.751,1,2026-07-23 00:00:00
LOT-001,LOT-001-W02,PHOTO_A,6,11,45.0,300.0,44.899,3,2026-07-20 16:00:00
LOT-005,LOT-005-W04,PHOTO_B,12,9,45.0,240.0,45.391,0,2026-07-22 02:00:00
LOT-011,LOT-011-W04,PHOTO_B,12,29,120.0,120.0,45.652,4,2026-07-24 02:00:00
LOT-012,LOT-012-W01,PHOTO_C,3,46,142.0,270.0,42.076,5,2026-07-24 07:00:00
LOT-007,LOT-007-W04,PHOTO_A,12,28,120.0,90.0,43.938,5,2026-07-22 18:00:00
LOT-009,LOT-009-W03,PHOTO_C,9,12,45.0,330.0,44.748,1,2026-07-23 09:00:00
LOT-011,LOT-011-W03,PHOTO_B,9,23,85.0,300.0,45.432,2,2026-07-24 01:00:00
LOT-002,LOT-002-W05,PHOTO_B,15,20,85.0,210.0,45.213,3,2026-07-21 03:00:00
LOT-006,LOT-006-W04,PHOTO_C,12,38,142.0,30.0,41.164,5,2026-07-22 10:00:00
LOT-007,LOT-007-W01,PHOTO_A,3,11,45.0,300.0,45.201,3,2026-07-22 15:00:00
LOT-007,LOT-007-W02,PHOTO_A,6,33,120.0,240.0,43.691,1,2026-07-22 16:00:00
LOT-003,LOT-003-W04,PHOTO_C,12,31,120.0,180.0,43.529,1,2026-07-21 10:00:00
LOT-008,LOT-008-W04,PHOTO_B,12,20,85.0,210.0,46.161,3,2026-07-23 02:00:00
LOT-001,LOT-001-W04,PHOTO_A,12,3,45.0,60.0,44.077,0,2026-07-20 18:00:00
LOT-010,LOT-010-W02,PHOTO_A,6,3,45.0,60.0,44.992,0,2026-07-23 16:00:00
LOT-004,LOT-004-W01,PHOTO_A,3,19,85.0,180.0,0.044965,1,2026-07-21 15:00:00
LOT-004,LOT-004-W02,PHOTO_A,6,43,142.0,180.0,44.544,1,2026-07-21 16:00:00
LOT-007,LOT-007-W03,PHOTO_A,9,17,85.0,120.0,44.233,4,2026-07-22 17:00:00
LOT-009,LOT-009-W01,PHOTO_C,3,42,142.0,150.0,41.897,6,2026-07-23 07:00:00
LOT-007,LOT-007-W03,PHOTO_A,9,20,85.0,210.0,45.566,0,2026-07-22 17:00:00
LOT-003,LOT-003-W01,PHOTO_C,3,19,85.0,180.0,44.946,1,2026-07-21 07:00:00
LOT-011,LOT-011-W03,PHOTO_B,9,46,142.0,270.0,45.816,1,2026-07-24 01:00:00
LOT-008,LOT-008-W04,PHOTO_B,12,40,142.0,90.0,45.379,0,2026-07-23 02:00:00
LOT-005,LOT-005-W05,PHOTO_B,15,20,85.0,210.0,,3,2026-07-22 03:00:00
LOT-001,LOT-001-W05,PHOTO_A,15,10,45.0,270.0,44.522,2,2026-07-20 19:00:00
LOT-009,LOT-009-W01,PHOTO_C,3,34,120.0,270.0,40.767,4,2026-07-23 07:00:00
LOT-012,LOT-012-W05,PHOTO_C,15,26,120.0,30.0,41.793,13,2026-07-24 11:00:00
LOT-011,LOT-011-W05,PHOTO_B,15,34,120.0,270.0,,2,2026-07-24 03:00:00
LOT-001,LOT-001-W01,PHOTO_A,3,24,85.0,330.0,43.714,2,2026-07-20 15:00:00
LOT-011,LOT-011-W02,PHOTO_B,6,15,85.0,60.0,45.516,3,2026-07-24 00:00:00
LOT-006,LOT-006-W02,PHOTO_C,6,36,120.0,330.0,40.285,8,2026-07-22 08:00:00
LOT-003,LOT-003-W02,PHOTO_C,6,42,142.0,150.0,44.95,5,2026-07-21 08:00:00
LOT-009,LOT-009-W05,PHOTO_C,15,35,120.0,300.0,40.981,4,2026-07-23 11:00:00
LOT-011,LOT-011-W02,PHOTO_B,6,40,142.0,90.0,45.6,3,2026-07-24 00:00:00
LOT-002,LOT-002-W02,PHOTO_B,6,21,85.0,240.0,45.085,1,2026-07-21 00:00:00
LOT-012,LOT-012-W03,PHOTO_C,9,8,45.0,210.0,45.134,2,2026-07-24 09:00:00
LOT-007,LOT-007-W01,PHOTO_A,3,39,142.0,60.0,44.039,4,2026-07-22 15:00:00
LOT-006,LOT-006-W04,PHOTO_C,12,3,45.0,60.0,44.591,2,2026-07-22 10:00:00
LOT-012,LOT-012-W01,PHOTO_C,3,29,120.0,120.0,42.947,6,2026-07-24 07:00:00
LOT-002,LOT-002-W04,PHOTO_B,12,36,120.0,330.0,45.997,3,2026-07-21 02:00:00
LOT-012,LOT-012-W04,PHOTO_C,12,30,120.0,150.0,40.351,5,2026-07-24 10:00:00
LOT-010,LOT-010-W01,PHOTO_A,3,6,45.0,150.0,45.778,2,2026-07-23 15:00:00
LOT-006,LOT-006-W05,PHOTO_C,15,34,120.0,270.0,40.837,4,2026-07-22 11:00:00
LOT-007,LOT-007-W04,PHOTO_A,12,24,85.0,330.0,44.793,2,2026-07-22 18:00:00
LOT-009,LOT-009-W04,PHOTO_C,12,13,85.0,0.0,44.605,2,2026-07-23 10:00:00
LOT-005,LOT-005-W01,PHOTO_B,3,2,45.0,30.0,45.448,1,2026-07-21 23:00:00
LOT-009,LOT-009-W05,PHOTO_C,15,25,120.0,0.0,41.887,5,2026-07-23 11:00:00
LOT-001,LOT-001-W05,PHOTO_A,15,21,85.0,240.0,43.903,1,2026-07-20 19:00:00
LOT-006,LOT-006-W04,PHOTO_C,12,33,120.0,240.0,41.235,6,2026-07-22 10:00:00
LOT-008,LOT-008-W04,PHOTO_B,12,16,85.0,90.0,45.674,0,2026-07-23 02:00:00
LOT-006,LOT-006-W04,PHOTO_C,12,0,0.0,0.0,44.222,2,2026-07-22 10:00:00
LOT-008,LOT-008-W02,PHOTO_B,6,3,45.0,60.0,44.742,2,2026-07-23 00:00:00
LOT-002,LOT-002-W03,PHOTO_B,9,11,45.0,300.0,44.201,0,2026-07-21 01:00:00
LOT-012,LOT-012-W04,PHOTO_C,12,45,142.0,240.0,41.36,6,2026-07-24 10:00:00
LOT-004,LOT-004-W01,PHOTO_A,3,28,120.0,90.0,44.603,0,2026-07-21 15:00:00
LOT-004,LOT-004-W01,PHOTO_A,3,39,142.0,60.0,44.068,3,2026-07-21 15:00:00
LOT-010,LOT-010-W01,PHOTO_A,3,17,85.0,120.0,43.749,3,2026-07-23 15:00:00
LOT-003,LOT-003-W01,PHOTO_C,3,37,142.0,0.0,44.275,2,2026-07-21 07:00:00
LOT-005,LOT-005-W04,PHOTO_B,12,14,85.0,30.0,46.305,4,2026-07-22 02:00:00
LOT-010,LOT-010-W05,PHOTO_A,15,1,45.0,0.0,44.696,3,2026-07-23 19:00:00
LOT-008,LOT-008-W03,PHOTO_B,9,41,142.0,120.0,44.352,1,2026-07-23 01:00:00
LOT-009,LOT-009-W05,PHOTO_C,15,6,45.0,150.0,44.242,3,2026-07-23 11:00:00
LOT-007,LOT-007-W03,PHOTO_A,9,26,120.0,30.0,44.197,0,2026-07-22 17:00:00
LOT-012,LOT-012-W03,PHOTO_C,9,10,45.0,270.0,44.375,4,2026-07-24 09:00:00
LOT-004,LOT-004-W02,PHOTO_A,6,0,0.0,0.0,45.709,0,2026-07-21 16:00:00
LOT-012,LOT-012-W04,PHOTO_C,12,12,45.0,330.0,44.443,2,2026-07-24 10:00:00
LOT-009,LOT-009-W04,PHOTO_C,12,29,120.0,120.0,41.656,6,2026-07-23 10:00:00
LOT-010,LOT-010-W05,PHOTO_A,15,24,85.0,330.0,44.349,1,2026-07-23 19:00:00
LOT-009,LOT-009-W02,PHOTO_C,6,28,120.0,90.0,40.904,7,2026-07-23 08:00:00
LOT-003,LOT-003-W04,PHOTO_C,12,18,85.0,150.0,45.405,3,2026-07-21 10:00:00
LOT-006,LOT-006-W05,PHOTO_C,15,9,45.0,240.0,,0,2026-07-22 11:00:00
LOT-003,LOT-003-W03,PHOTO_C,9,24,85.0,330.0,43.936,2,2026-07-21 09:00:00
LOT-012,LOT-012-W02,PHOTO_C,6,30,120.0,150.0,41.471,4,2026-07-24 08:00:00
LOT-012,LOT-012-W03,PHOTO_C,9,25,120.0,0.0,42.518,6,2026-07-24 09:00:00
LOT-006,LOT-006-W03,PHOTO_C,9,2,45.0,30.0,44.66,1,2026-07-22 09:00:00
LOT-002,LOT-002-W02,PHOTO_B,6,33,120.0,240.0,45.349,0,2026-07-21 00:00:00
LOT-010,LOT-010-W04,PHOTO_A,12,27,120.0,60.0,44.713,0,2026-07-23 18:00:00
LOT-001,LOT-001-W02,PHOTO_A,6,35,120.0,300.0,44.259,3,2026-07-20 16:00:00
LOT-003,LOT-003-W03,PHOTO_C,9,37,142.0,0.0,44.656,1,2026-07-21 09:00:00
LOT-010,LOT-010-W05,PHOTO_A,15,41,142.0,120.0,44.922,4,2026-07-23 19:00:00
LOT-003,LOT-003-W04,PHOTO_C,12,11,45.0,300.0,44.721,2,2026-07-21 10:00:00
LOT-008,LOT-008-W03,PHOTO_B,9,7,45.0,180.0,45.695,1,2026-07-23 01:00:00
LOT-002,LOT-002-W05,PHOTO_B,15,25,120.0,0.0,,4,2026-07-21 03:00:00
LOT-010,LOT-010-W02,PHOTO_A,6,7,45.0,180.0,44.594,1,2026-07-23 16:00:00
LOT-001,LOT-001-W01,PHOTO_A,3,9,45.0,240.0,44.233,0,2026-07-20 15:00:00
LOT-002,LOT-002-W03,PHOTO_B,9,40,142.0,90.0,44.635,3,2026-07-21 01:00:00
LOT-012,LOT-012-W02,PHOTO_C,6,27,120.0,60.0,41.78,10,2026-07-24 08:00:00
LOT-003,LOT-003-W05,PHOTO_C,15,44,142.0,210.0,,1,2026-07-21 11:00:00
LOT-005,LOT-005-W01,PHOTO_B,3,0,0.0,0.0,0.045777,2,2026-07-21 23:00:00
LOT-003,LOT-003-W04,PHOTO_C,12,3,45.0,60.0,44.655,0,2026-07-21 10:00:00
LOT-005,LOT-005-W02,PHOTO_B,6,4,45.0,90.0,44.406,0,2026-07-22 00:00:00
LOT-003,LOT-003-W03,PHOTO_C,9,28,120.0,90.0,44.972,1,2026-07-21 09:00:00
LOT-012,LOT-012-W02,PHOTO_C,6,15,85.0,60.0,44.795,3,2026-07-24 08:00:00
LOT-004,LOT-004-W04,PHOTO_A,12,17,85.0,120.0,44.24,3,2026-07-21 18:00:00
LOT-002,LOT-002-W03,PHOTO_B,9,12,45.0,330.0,45.665,3,2026-07-21 01:00:00
LOT-003,LOT-003-W04,PHOTO_C,12,7,45.0,180.0,44.564,1,2026-07-21 10:00:00
LOT-008,LOT-008-W05,PHOTO_B,15,21,85.0,240.0,45.297,2,2026-07-23 03:00:00
LOT-007,LOT-007-W05,PHOTO_A,15,29,120.0,120.0,44.147,2,2026-07-22 19:00:00
LOT-001,LOT-001-W01,PHOTO_A,3,19,85.0,180.0,44.03,0,2026-07-20 15:00:00
LOT-010,LOT-010-W02,PHOTO_A,6,12,45.0,330.0,44.622,0,2026-07-23 16:00:00
LOT-009,LOT-009-W02,PHOTO_C,6,15,85.0,60.0,45.154,2,2026-07-23 08:00:00
LOT-007,LOT-007-W01,PHOTO_A,3,28,120.0,90.0,45.343,1,2026-07-22 15:00:00
LOT-004,LOT-004-W05,PHOTO_A,15,29,120.0,120.0,44.02,2,2026-07-21 19:00:00
LOT-004,LOT-004-W03,PHOTO_A,9,19,85.0,180.0,45.389,1,2026-07-21 17:00:00
LOT-009,LOT-009-W03,PHOTO_C,9,6,45.0,150.0,44.043,2,2026-07-23 09:00:00
LOT-010,LOT-010-W02,PHOTO_A,6,6,45.0,150.0,44.481,0,2026-07-23 16:00:00
LOT-008,LOT-008-W02,PHOTO_B,6,46,142.0,270.0,44.244,3,2026-07-23 00:00:00
LOT-011,LOT-011-W01,PHOTO_B,3,30,120.0,150.0,45.063,2,2026-07-23 23:00:00
LOT-011,LOT-011-W05,PHOTO_B,15,16,85.0,90.0,44.634,1,2026-07-24 03:00:00
LOT-012,LOT-012-W03,PHOTO_C,9,29,120.0,120.0,41.975,7,2026-07-24 09:00:00
LOT-010,LOT-010-W02,PHOTO_A,6,44,142.0,210.0,44.113,1,2026-07-23 16:00:00
LOT-009,LOT-009-W04,PHOTO_C,12,38,142.0,30.0,40.346,3,2026-07-23 10:00:00
LOT-001,LOT-001-W05,PHOTO_A,15,23,85.0,300.0,44.204,0,2026-07-20 19:00:00
LOT-012,LOT-012-W01,PHOTO_C,3,0,0.0,0.0,45.367,2,2026-07-24 07:00:00
LOT-009,LOT-009-W05,PHOTO_C,15,8,45.0,210.0,44.579,0,2026-07-23 11:00:00
LOT-002,LOT-002-W05,PHOTO_B,15,28,120.0,90.0,,1,2026-07-21 03:00:00
LOT-010,LOT-010-W03,PHOTO_A,9,43,142.0,180.0,44.225,2,2026-07-23 17:00:00
LOT-007,LOT-007-W03,PHOTO_A,9,5,45.0,120.0,44.953,1,2026-07-22 17:00:00
LOT-012,LOT-012-W03,PHOTO_C,9,14,85.0,30.0,45.473,0,2026-07-24 09:00:00
LOT-004,LOT-004-W01,PHOTO_A,3,2,45.0,30.0,44.66,3,2026-07-21 15:00:00
LOT-005,LOT-005-W02,PHOTO_B,6,31,120.0,180.0,45.253,0,2026-07-22 00:00:00
LOT-007,LOT-007-W05,PHOTO_A,15,13,85.0,0.0,,2,2026-07-22 19:00:00
LOT-011,LOT-011-W01,PHOTO_B,3,2,45.0,30.0,46.311,0,2026-07-23 23:00:00
LOT-001,LOT-001-W04,PHOTO_A,12,21,85.0,240.0,44.622,0,2026-07-20 18:00:00
LOT-008,LOT-008-W04,PHOTO_B,12,44,142.0,210.0,46.242,2,2026-07-23 02:00:00
LOT-003,LOT-003-W02,PHOTO_C,6,44,142.0,210.0,44.895,0,2026-07-21 08:00:00
LOT-011,LOT-011-W03,PHOTO_B,9,40,142.0,90.0,44.84,2,2026-07-24 01:00:00
LOT-007,LOT-007-W04,PHOTO_A,12,43,142.0,180.0,44.029,0,2026-07-22 18:00:00
LOT-009,LOT-009-W05,PHOTO_C,15,15,85.0,60.0,44.685,3,2026-07-23 11:00:00
LOT-001,LOT-001-W05,PHOTO_A,15,42,142.0,150.0,,0,2026-07-20 19:00:00
LOT-010,LOT-010-W04,PHOTO_A,12,5,45.0,120.0,44.394,0,2026-07-23 18:00:00
LOT-009,LOT-009-W02,PHOTO_C,6,13,85.0,0.0,44.791,1,2026-07-23 08:00:00
LOT-002,LOT-002-W03,PHOTO_B,9,36,120.0,330.0,45.81,4,2026-07-21 01:00:00
LOT-012,LOT-012-W01,PHOTO_C,3,45,142.0,240.0,41.19,7,2026-07-24 07:00:00
LOT-009,LOT-009-W05,PHOTO_C,15,27,120.0,60.0,40.539,8,2026-07-23 11:00:00
LOT-009,LOT-009-W02,PHOTO_C,6,25,120.0,0.0,41.372,7,2026-07-23 08:00:00
LOT-012,LOT-012-W04,PHOTO_C,12,34,120.0,270.0,40.861,10,2026-07-24 10:00:00
LOT-005,LOT-005-W02,PHOTO_B,6,30,120.0,150.0,44.672,3,2026-07-22 00:00:00
LOT-002,LOT-002-W03,PHOTO_B,9,38,142.0,30.0,44.613,3,2026-07-21 01:00:00
LOT-012,LOT-012-W01,PHOTO_C,3,39,142.0,60.0,40.624,4,2026-07-24 07:00:00
LOT-012,LOT-012-W01,PHOTO_C,3,27,120.0,60.0,41.71,13,2026-07-24 07:00:00
LOT-001,LOT-001-W03,PHOTO_A,9,43,142.0,180.0,45.107,1,2026-07-20 17:00:00
LOT-002,LOT-002-W01,PHOTO_B,3,8,45.0,210.0,46.334,0,2026-07-20 23:00:00
LOT-011,LOT-011-W01,PHOTO_B,3,3,45.0,60.0,44.845,1,2026-07-23 23:00:00
LOT-002,LOT-002-W02,PHOTO_B,6,30,120.0,150.0,0.046058,0,2026-07-21 00:00:00
LOT-011,LOT-011-W05,PHOTO_B,15,26,120.0,30.0,44.402,0,2026-07-24 03:00:00
LOT-009,LOT-009-W05,PHOTO_C,15,46,142.0,270.0,,4,2026-07-23 11:00:00
LOT-006,LOT-006-W03,PHOTO_C,9,9,45.0,240.0,45.221,0,2026-07-22 09:00:00
LOT-008,LOT-008-W04,PHOTO_B,12,34,120.0,270.0,46.059,1,2026-07-23 02:00:00
LOT-004,LOT-004-W03,PHOTO_A,9,43,142.0,180.0,44.898,2,2026-07-21 17:00:00
LOT-012,LOT-012-W02,PHOTO_C,6,46,142.0,270.0,41.243,5,2026-07-24 08:00:00
LOT-007,LOT-007-W05,PHOTO_A,15,42,142.0,150.0,,1,2026-07-22 19:00:00
LOT-008,LOT-008-W03,PHOTO_B,9,2,45.0,30.0,45.386,0,2026-07-23 01:00:00
LOT-007,LOT-007-W05,PHOTO_A,15,27,120.0,60.0,43.72,0,2026-07-22 19:00:00
LOT-004,LOT-004-W01,PHOTO_A,3,6,45.0,150.0,44.79,4,2026-07-21 15:00:00
LOT-003,LOT-003-W02,PHOTO_C,6,37,142.0,0.0,44.24,2,2026-07-21 08:00:00
LOT-010,LOT-010-W05,PHOTO_A,15,11,45.0,300.0,44.822,1,2026-07-23 19:00:00
LOT-002,LOT-002-W01,PHOTO_B,3,31,120.0,180.0,45.444,1,2026-07-20 23:00:00
LOT-001,LOT-001-W02,PHOTO_A,6,43,142.0,180.0,44.552,2,2026-07-20 16:00:00
LOT-007,LOT-007-W01,PHOTO_A,3,13,85.0,0.0,44.611,2,2026-07-22 15:00:00
LOT-007,LOT-007-W02,PHOTO_A,6,9,45.0,240.0,45.111,3,2026-07-22 16:00:00
LOT-010,LOT-010-W05,PHOTO_A,15,8,45.0,210.0,45.277,3,2026-07-23 19:00:00
LOT-003,LOT-003-W02,PHOTO_C,6,31,120.0,180.0,44.585,3,2026-07-21 08:00:00
LOT-003,LOT-003-W02,PHOTO_C,6,8,45.0,210.0,44.519,1,2026-07-21 08:00:00
LOT-007,LOT-007-W01,PHOTO_A,3,24,85.0,330.0,45.035,1,2026-07-22 15:00:00
LOT-006,LOT-006-W05,PHOTO_C,15,40,142.0,90.0,40.615,7,2026-07-22 11:00:00
LOT-012,LOT-012-W01,PHOTO_C,3,26,120.0,30.0,0.041395,10,2026-07-24 07:00:00
LOT-010,LOT-010-W03,PHOTO_A,9,37,142.0,0.0,44.229,1,2026-07-23 17:00:00
LOT-005,LOT-005-W01,PHOTO_B,3,6,45.0,150.0,45.201,0,2026-07-21 23:00:00
LOT-012,LOT-012-W02,PHOTO_C,6,45,142.0,240.0,41.587,6,2026-07-24 08:00:00
LOT-012,LOT-012-W04,PHOTO_C,12,19,85.0,180.0,44.934,3,2026-07-24 10:00:00
LOT-011,LOT-011-W03,PHOTO_B,9,11,45.0,300.0,45.217,1,2026-07-24 01:00:00
LOT-008,LOT-008-W04,PHOTO_B,12,18,85.0,150.0,44.988,1,2026-07-23 02:00:00
LOT-009,LOT-009-W03,PHOTO_C,9,34,120.0,270.0,42.425,5,2026-07-23 09:00:00
LOT-007,LOT-007-W01,PHOTO_A,3,17,85.0,120.0,44.445,3,2026-07-22 15:00:00
LOT-003,LOT-003-W04,PHOTO_C,12,38,142.0,30.0,43.939,3,2026-07-21 10:00:00
LOT-006,LOT-006-W04,PHOTO_C,12,36,120.0,330.0,41.637,7,2026-07-22 10:00:00
LOT-008,LOT-008-W03,PHOTO_B,9,48,142.0,330.0,45.567,0,2026-07-23 01:00:00
LOT-009,LOT-009-W05,PHOTO_C,15,28,120.0,90.0,41.112,8,2026-07-23 11:00:00
LOT-003,LOT-003-W02,PHOTO_C,6,3,45.0,60.0,44.916,2,2026-07-21 08:00:00
LOT-007,LOT-007-W02,PHOTO_A,6,39,142.0,60.0,44.2,0,2026-07-22 16:00:00
LOT-008,LOT-008-W03,PHOTO_B,9,8,45.0,210.0,45.572,1,2026-07-23 01:00:00
LOT-008,LOT-008-W01,PHOTO_B,3,45,142.0,240.0,44.436,1,2026-07-22 23:00:00
LOT-002,LOT-002-W02,PHOTO_B,6,39,142.0,60.0,44.395,0,2026-07-21 00:00:00
LOT-001,LOT-001-W03,PHOTO_A,9,26,120.0,30.0,43.729,3,2026-07-20 17:00:00
LOT-008,LOT-008-W01,PHOTO_B,3,40,142.0,90.0,45.464,2,2026-07-22 23:00:00
LOT-001,LOT-001-W05,PHOTO_A,15,24,85.0,330.0,46.07,4,2026-07-20 19:00:00
LOT-011,LOT-011-W04,PHOTO_B,12,32,120.0,210.0,44.603,0,2026-07-24 02:00:00
LOT-005,LOT-005-W04,PHOTO_B,12,32,120.0,210.0,0.04429,0,2026-07-22 02:00:00
LOT-001,LOT-001-W02,PHOTO_A,6,44,142.0,210.0,44.482,3,2026-07-20 16:00:00
LOT-010,LOT-010-W05,PHOTO_A,15,29,120.0,120.0,44.225,0,2026-07-23 19:00:00
LOT-002,LOT-002-W01,PHOTO_B,3,7,45.0,180.0,45.292,0,2026-07-20 23:00:00
LOT-005,LOT-005-W02,PHOTO_B,6,19,85.0,180.0,45.159,2,2026-07-22 00:00:00
LOT-002,LOT-002-W02,PHOTO_B,6,8,45.0,210.0,45.471,0,2026-07-21 00:00:00
LOT-011,LOT-011-W04,PHOTO_B,12,42,142.0,150.0,44.507,1,2026-07-24 02:00:00
LOT-011,LOT-011-W01,PHOTO_B,3,14,85.0,30.0,45.192,0,2026-07-23 23:00:00
LOT-008,LOT-008-W03,PHOTO_B,9,28,120.0,90.0,44.93,0,2026-07-23 01:00:00
LOT-007,LOT-007-W05,PHOTO_A,15,39,142.0,60.0,43.711,2,2026-07-22 19:00:00
LOT-004,LOT-004-W05,PHOTO_A,15,8,45.0,210.0,44.741,2,2026-07-21 19:00:00
LOT-010,LOT-010-W03,PHOTO_A,9,13,85.0,0.0,44.103,2,2026-07-23 17:00:00
LOT-010,LOT-010-W05,PHOTO_A,15,45,142.0,240.0,43.715,2,2026-07-23 19:00:00
LOT-008,LOT-008-W01,PHOTO_B,3,35,120.0,300.0,45.561,1,2026-07-22 23:00:00
LOT-007,LOT-007-W01,PHOTO_A,3,19,85.0,180.0,44.384,3,2026-07-22 15:00:00
LOT-008,LOT-008-W04,PHOTO_B,12,27,120.0,60.0,45.29,3,2026-07-23 02:00:00
LOT-007,LOT-007-W03,PHOTO_A,9,1,45.0,0.0,45.44,4,2026-07-22 17:00:00
LOT-001,LOT-001-W01,PHOTO_A,3,36,120.0,330.0,44.829,5,2026-07-20 15:00:00
LOT-001,LOT-001-W03,PHOTO_A,9,5,45.0,120.0,44.704,1,2026-07-20 17:00:00
LOT-009,LOT-009-W02,PHOTO_C,6,20,85.0,210.0,44.623,4,2026-07-23 08:00:00
LOT-001,LOT-001-W05,PHOTO_A,15,15,85.0,60.0,44.427,1,2026-07-20 19:00:00
LOT-010,LOT-010-W04,PHOTO_A,12,22,85.0,270.0,44.666,2,2026-07-23 18:00:00
LOT-006,LOT-006-W01,PHOTO_C,3,43,142.0,180.0,40.856,8,2026-07-22 07:00:00
LOT-010,LOT-010-W01,PHOTO_A,3,25,120.0,0.0,44.886,3,2026-07-23 15:00:00
LOT-004,LOT-004-W05,PHOTO_A,15,23,85.0,300.0,44.037,5,2026-07-21 19:00:00
LOT-001,LOT-001-W02,PHOTO_A,6,0,0.0,0.0,44.186,0,2026-07-20 16:00:00
LOT-009,LOT-009-W03,PHOTO_C,9,23,85.0,300.0,44.51,4,2026-07-23 09:00:00
LOT-011,LOT-011-W05,PHOTO_B,15,27,120.0,60.0,44.91,4,2026-07-24 03:00:00
LOT-010,LOT-010-W01,PHOTO_A,3,39,142.0,60.0,44.02,0,2026-07-23 15:00:00
LOT-010,LOT-010-W02,PHOTO_A,6,4,45.0,90.0,44.364,0,2026-07-23 16:00:00
LOT-004,LOT-004-W05,PHOTO_A,15,37,142.0,0.0,44.606,1,2026-07-21 19:00:00
LOT-006,LOT-006-W03,PHOTO_C,9,0,0.0,0.0,45.021,0,2026-07-22 09:00:00
LOT-001,LOT-001-W05,PHOTO_A,15,6,45.0,150.0,45.069,0,2026-07-20 19:00:00
LOT-001,LOT-001-W03,PHOTO_A,9,24,85.0,330.0,44.511,3,2026-07-20 17:00:00
LOT-006,LOT-006-W03,PHOTO_C,9,3,45.0,60.0,45.587,1,2026-07-22 09:00:00
LOT-002,LOT-002-W02,PHOTO_B,6,24,85.0,330.0,46.412,6,2026-07-21 00:00:00
LOT-008,LOT-008-W01,PHOTO_B,3,19,85.0,180.0,45.019,0,2026-07-22 23:00:00
LOT-008,LOT-008-W05,PHOTO_B,15,36,120.0,330.0,44.771,0,2026-07-23 03:00:00
LOT-012,LOT-012-W03,PHOTO_C,9,2,45.0,30.0,45.614,3,2026-07-24 09:00:00
LOT-003,LOT-003-W01,PHOTO_C,3,32,120.0,210.0,45.218,1,2026-07-21 07:00:00
LOT-012,LOT-012-W01,PHOTO_C,3,4,45.0,90.0,43.878,1,2026-07-24 07:00:00
LOT-011,LOT-011-W03,PHOTO_B,9,20,85.0,210.0,45.26,1,2026-07-24 01:00:00
LOT-003,LOT-003-W04,PHOTO_C,12,44,142.0,210.0,44.543,1,2026-07-21 10:00:00
LOT-001,LOT-001-W03,PHOTO_A,9,7,45.0,180.0,44.923,1,2026-07-20 17:00:00
LOT-005,LOT-005-W04,PHOTO_B,12,30,120.0,150.0,44.272,1,2026-07-22 02:00:00
LOT-012,LOT-012-W04,PHOTO_C,12,40,142.0,90.0,41.632,4,2026-07-24 10:00:00
LOT-003,LOT-003-W02,PHOTO_C,6,6,45.0,150.0,45.432,2,2026-07-21 08:00:00
LOT-009,LOT-009-W04,PHOTO_C,12,40,142.0,90.0,41.146,7,2026-07-23 10:00:00
LOT-007,LOT-007-W05,PHOTO_A,15,40,142.0,90.0,44.18,5,2026-07-22 19:00:00
LOT-008,LOT-008-W03,PHOTO_B,9,0,0.0,0.0,46.083,3,2026-07-23 01:00:00
LOT-009,LOT-009-W05,PHOTO_C,15,5,45.0,120.0,45.279,4,2026-07-23 11:00:00
LOT-012,LOT-012-W05,PHOTO_C,15,27,120.0,60.0,41.548,7,2026-07-24 11:00:00
LOT-011,LOT-011-W03,PHOTO_B,9,47,142.0,300.0,0.045031,1,2026-07-24 01:00:00
LOT-011,LOT-011-W05,PHOTO_B,15,15,85.0,60.0,,3,2026-07-24 03:00:00
LOT-012,LOT-012-W05,PHOTO_C,15,5,45.0,120.0,44.569,3,2026-07-24 11:00:00
LOT-012,LOT-012-W01,PHOTO_C,3,40,142.0,90.0,42.488,2,2026-07-24 07:00:00
LOT-001,LOT-001-W02,PHOTO_A,6,36,120.0,330.0,45.314,1,2026-07-20 16:00:00
LOT-012,LOT-012-W03,PHOTO_C,9,42,142.0,150.0,41.266,8,2026-07-24 09:00:00
LOT-010,LOT-010-W03,PHOTO_A,9,17,85.0,120.0,44.677,0,2026-07-23 17:00:00
LOT-003,LOT-003-W01,PHOTO_C,3,9,45.0,240.0,44.801,3,2026-07-21 07:00:00
LOT-011,LOT-011-W02,PHOTO_B,6,22,85.0,270.0,45.42,0,2026-07-24 00:00:00
LOT-008,LOT-008-W02,PHOTO_B,6,26,120.0,30.0,0.045352,3,2026-07-23 00:00:00
LOT-010,LOT-010-W04,PHOTO_A,12,32,120.0,210.0,44.56,0,2026-07-23 18:00:00
LOT-012,LOT-012-W04,PHOTO_C,12,4,45.0,90.0,44.702,0,2026-07-24 10:00:00
LOT-005,LOT-005-W02,PHOTO_B,6,41,142.0,120.0,45.822,0,2026-07-22 00:00:00
LOT-012,LOT-012-W04,PHOTO_C,12,13,85.0,0.0,43.929,6,2026-07-24 10:00:00
LOT-002,LOT-002-W04,PHOTO_B,12,37,142.0,0.0,0.045161,1,2026-07-21 02:00:00
LOT-011,LOT-011-W03,PHOTO_B,9,5,45.0,120.0,45.54,1,2026-07-24 01:00:00
LOT-008,LOT-008-W02,PHOTO_B,6,39,142.0,60.0,44.909,0,2026-07-23 00:00:00
LOT-007,LOT-007-W04,PHOTO_A,12,12,45.0,330.0,44.179,0,2026-07-22 18:00:00
LOT-002,LOT-002-W01,PHOTO_B,3,24,85.0,330.0,45.43,4,2026-07-20 23:00:00
LOT-007,LOT-007-W03,PHOTO_A,9,41,142.0,120.0,44.81,4,2026-07-22 17:00:00
LOT-004,LOT-004-W04,PHOTO_A,12,44,142.0,210.0,44.147,1,2026-07-21 18:00:00
LOT-011,LOT-011-W02,PHOTO_B,6,46,142.0,270.0,44.273,2,2026-07-24 00:00:00
LOT-004,LOT-004-W05,PHOTO_A,15,6,45.0,150.0,45.214,2,2026-07-21 19:00:00
LOT-003,LOT-003-W01,PHOTO_C,3,15,85.0,60.0,0.044803,3,2026-07-21 07:00:00
LOT-002,LOT-002-W05,PHOTO_B,15,5,45.0,120.0,45.398,1,2026-07-21 03:00:00
LOT-001,LOT-001-W02,PHOTO_A,6,25,120.0,0.0,44.797,2,2026-07-20 16:00:00
LOT-001,LOT-001-W01,PHOTO_A,3,3,45.0,60.0,44.563,1,2026-07-20 15:00:00
LOT-003,LOT-003-W01,PHOTO_C,3,14,85.0,30.0,43.306,3,2026-07-21 07:00:00
LOT-001,LOT-001-W05,PHOTO_A,15,19,85.0,180.0,44.637,0,2026-07-20 19:00:00
LOT-009,LOT-009-W02,PHOTO_C,6,5,45.0,120.0,46.148,3,2026-07-23 08:00:00
LOT-004,LOT-004-W02,PHOTO_A,6,12,45.0,330.0,45.242,2,2026-07-21 16:00:00
LOT-007,LOT-007-W05,PHOTO_A,15,35,120.0,300.0,44.669,2,2026-07-22 19:00:00
LOT-002,LOT-002-W05,PHOTO_B,15,29,120.0,120.0,45.53,2,2026-07-21 03:00:00
LOT-004,LOT-004-W01,PHOTO_A,3,30,120.0,150.0,44.103,1,2026-07-21 15:00:00
LOT-009,LOT-009-W01,PHOTO_C,3,38,142.0,30.0,41.439,8,2026-07-23 07:00:00
LOT-010,LOT-010-W03,PHOTO_A,9,39,142.0,60.0,44.167,3,2026-07-23 17:00:00
LOT-012,LOT-012-W04,PHOTO_C,12,20,85.0,210.0,44.33,1,2026-07-24 10:00:00
LOT-002,LOT-002-W04,PHOTO_B,12,40,142.0,90.0,45.39,1,2026-07-21 02:00:00
LOT-003,LOT-003-W01,PHOTO_C,3,40,142.0,90.0,44.524,1,2026-07-21 07:00:00
LOT-012,LOT-012-W04,PHOTO_C,12,0,0.0,0.0,44.158,2,2026-07-24 10:00:00
LOT-008,LOT-008-W01,PHOTO_B,3,42,142.0,150.0,46.027,3,2026-07-22 23:00:00
LOT-011,LOT-011-W01,PHOTO_B,3,23,85.0,300.0,45.279,0,2026-07-23 23:00:00
LOT-010,LOT-010-W03,PHOTO_A,9,48,142.0,330.0,44.84,0,2026-07-23 17:00:00
LOT-002,LOT-002-W01,PHOTO_B,3,40,142.0,90.0,45.069,1,2026-07-20 23:00:00
LOT-004,LOT-004-W03,PHOTO_A,9,0,0.0,0.0,44.581,4,2026-07-21 17:00:00
LOT-010,LOT-010-W01,PHOTO_A,3,30,120.0,150.0,44.44,2,2026-07-23 15:00:00
LOT-006,LOT-006-W04,PHOTO_C,12,23,85.0,300.0,45.46,0,2026-07-22 10:00:00
LOT-005,LOT-005-W05,PHOTO_B,15,3,45.0,60.0,45.768,3,2026-07-22 03:00:00
LOT-012,LOT-012-W03,PHOTO_C,9,35,120.0,300.0,40.576,8,2026-07-24 09:00:00
LOT-009,LOT-009-W03,PHOTO_C,9,21,85.0,240.0,45.192,2,2026-07-23 09:00:00
LOT-007,LOT-007-W03,PHOTO_A,9,10,45.0,270.0,45.574,1,2026-07-22 17:00:00
LOT-012,LOT-012-W01,PHOTO_C,3,12,45.0,330.0,43.783,4,2026-07-24 07:00:00
LOT-001,LOT-001-W03,PHOTO_A,9,10,45.0,270.0,43.942,1,2026-07-20 17:00:00
LOT-006,LOT-006-W01,PHOTO_C,3,16,85.0,90.0,44.432,0,2026-07-22 07:00:00
LOT-007,LOT-007-W03,PHOTO_A,9,13,85.0,0.0,44.48,2,2026-07-22 17:00:00
LOT-003,LOT-003-W04,PHOTO_C,12,47,142.0,300.0,44.437,0,2026-07-21 10:00:00
LOT-010,LOT-010-W02,PHOTO_A,6,30,120.0,150.0,45.049,3,2026-07-23 16:00:00
LOT-001,LOT-001-W05,PHOTO_A,15,20,85.0,210.0,44.055,0,2026-07-20 19:00:00
LOT-004,LOT-004-W01,PHOTO_A,3,0,0.0,0.0,43.735,0,2026-07-21 15:00:00
LOT-009,LOT-009-W03,PHOTO_C,9,33,120.0,240.0,40.437,6,2026-07-23 09:00:00
LOT-003,LOT-003-W05,PHOTO_C,15,3,45.0,60.0,44.777,4,2026-07-21 11:00:00
LOT-004,LOT-004-W05,PHOTO_A,15,36,120.0,330.0,,5,2026-07-21 19:00:00
LOT-003,LOT-003-W05,PHOTO_C,15,36,120.0,330.0,44.908,1,2026-07-21 11:00:00
LOT-004,LOT-004-W01,PHOTO_A,3,47,142.0,300.0,44.226,4,2026-07-21 15:00:00
LOT-005,LOT-005-W05,PHOTO_B,15,45,142.0,240.0,44.696,2,2026-07-22 03:00:00
LOT-006,LOT-006-W01,PHOTO_C,3,41,142.0,120.0,41.822,4,2026-07-22 07:00:00
LOT-004,LOT-004-W04,PHOTO_A,12,33,120.0,240.0,44.129,0,2026-07-21 18:00:00
LOT-008,LOT-008-W01,PHOTO_B,3,13,85.0,0.0,45.053,1,2026-07-22 23:00:00
LOT-002,LOT-002-W01,PHOTO_B,3,45,142.0,240.0,45.19,0,2026-07-20 23:00:00
LOT-002,LOT-002-W03,PHOTO_B,9,13,85.0,0.0,45.935,1,2026-07-21 01:00:00
LOT-003,LOT-003-W04,PHOTO_C,12,29,120.0,120.0,44.53,0,2026-07-21 10:00:00
LOT-003,LOT-003-W01,PHOTO_C,3,13,85.0,0.0,45.048,1,2026-07-21 07:00:00
LOT-007,LOT-007-W05,PHOTO_A,15,15,85.0,60.0,44.854,1,2026-07-22 19:00:00
LOT-006,LOT-006-W03,PHOTO_C,9,16,85.0,90.0,44.236,2,2026-07-22 09:00:00
LOT-006,LOT-006-W05,PHOTO_C,15,33,120.0,240.0,,9,2026-07-22 11:00:00
LOT-010,LOT-010-W04,PHOTO_A,12,28,120.0,90.0,43.66,2,2026-07-23 18:00:00
LOT-006,LOT-006-W02,PHOTO_C,6,7,45.0,180.0,45.275,0,2026-07-22 08:00:00
LOT-012,LOT-012-W02,PHOTO_C,6,28,120.0,90.0,41.105,7,2026-07-24 08:00:00
LOT-011,LOT-011-W01,PHOTO_B,3,44,142.0,210.0,44.6,0,2026-07-23 23:00:00
LOT-002,LOT-002-W03,PHOTO_B,9,15,85.0,60.0,44.889,2,2026-07-21 01:00:00
LOT-008,LOT-008-W05,PHOTO_B,15,42,142.0,150.0,,2,2026-07-23 03:00:00
LOT-006,LOT-006-W02,PHOTO_C,6,44,142.0,210.0,41.507,12,2026-07-22 08:00:00
LOT-004,LOT-004-W03,PHOTO_A,9,30,120.0,150.0,44.534,4,2026-07-21 17:00:00
LOT-001,LOT-001-W01,PHOTO_A,3,43,142.0,180.0,44.709,1,2026-07-20 15:00:00
LOT-005,LOT-005-W05,PHOTO_B,15,32,120.0,210.0,44.353,3,2026-07-22 03:00:00
LOT-011,LOT-011-W04,PHOTO_B,12,0,0.0,0.0,45.17,1,2026-07-24 02:00:00
LOT-001,LOT-001-W03,PHOTO_A,9,35,120.0,300.0,43.472,0,2026-07-20 17:00:00
LOT-004,LOT-004-W03,PHOTO_A,9,28,120.0,90.0,45.028,1,2026-07-21 17:00:00
LOT-010,LOT-010-W01,PHOTO_A,3,47,142.0,300.0,44.238,2,2026-07-23 15:00:00
LOT-002,LOT-002-W03,PHOTO_B,9,9,45.0,240.0,46.334,0,2026-07-21 01:00:00
LOT-003,LOT-003-W03,PHOTO_C,9,4,45.0,90.0,44.109,2,2026-07-21 09:00:00
LOT-005,LOT-005-W04,PHOTO_B,12,34,120.0,270.0,45.446,2,2026-07-22 02:00:00
LOT-005,LOT-005-W03,PHOTO_B,9,8,45.0,210.0,46.07,0,2026-07-22 01:00:00
LOT-009,LOT-009-W04,PHOTO_C,12,32,120.0,210.0,41.067,4,2026-07-23 10:00:00
LOT-007,LOT-007-W03,PHOTO_A,9,3,45.0,60.0,44.573,2,2026-07-22 17:00:00
LOT-009,LOT-009-W04,PHOTO_C,12,24,85.0,330.0,44.322,1,2026-07-23 10:00:00
LOT-010,LOT-010-W02,PHOTO_A,6,27,120.0,60.0,44.018,4,2026-07-23 16:00:00
LOT-002,LOT-002-W05,PHOTO_B,15,0,0.0,0.0,45.43,0,2026-07-21 03:00:00
LOT-002,LOT-002-W03,PHOTO_B,9,28,120.0,90.0,44.937,1,2026-07-21 01:00:00
LOT-011,LOT-011-W05,PHOTO_B,15,39,142.0,60.0,46.034,3,2026-07-24 03:00:00
LOT-004,LOT-004-W03,PHOTO_A,9,21,85.0,240.0,44.665,3,2026-07-21 17:00:00
LOT-006,LOT-006-W04,PHOTO_C,12,7,45.0,180.0,44.798,1,2026-07-22 10:00:00
LOT-005,LOT-005-W04,PHOTO_B,12,11,45.0,300.0,45.343,1,2026-07-22 02:00:00
LOT-012,LOT-012-W05,PHOTO_C,15,32,120.0,210.0,40.968,11,2026-07-24 11:00:00
LOT-012,LOT-012-W01,PHOTO_C,3,17,85.0,120.0,44.826,0,2026-07-24 07:00:00
LOT-012,LOT-012-W01,PHOTO_C,3,1,45.0,0.0,44.625,2,2026-07-24 07:00:00
LOT-009,LOT-009-W03,PHOTO_C,9,25,120.0,0.0,40.903,5,2026-07-23 09:00:00
LOT-009,LOT-009-W02,PHOTO_C,6,43,142.0,180.0,41.247,4,2026-07-23 08:00:00
LOT-007,LOT-007-W05,PHOTO_A,15,22,85.0,270.0,44.11,0,2026-07-22 19:00:00
LOT-001,LOT-001-W03,PHOTO_A,9,33,120.0,240.0,44.127,0,2026-07-20 17:00:00
LOT-002,LOT-002-W01,PHOTO_B,3,18,85.0,150.0,46.043,1,2026-07-20 23:00:00
LOT-007,LOT-007-W04,PHOTO_A,12,17,85.0,120.0,44.29,0,2026-07-22 18:00:00
LOT-010,LOT-010-W02,PHOTO_A,6,35,120.0,300.0,43.608,2,2026-07-23 16:00:00
LOT-004,LOT-004-W02,PHOTO_A,6,35,120.0,300.0,44.65,1,2026-07-21 16:00:00
LOT-002,LOT-002-W02,PHOTO_B,6,35,120.0,300.0,45.944,2,2026-07-21 00:00:00
LOT-006,LOT-006-W01,PHOTO_C,3,30,120.0,150.0,42.12,12,2026-07-22 07:00:00
LOT-003,LOT-003-W05,PHOTO_C,15,43,142.0,180.0,44.529,2,2026-07-21 11:00:00
LOT-004,LOT-004-W01,PHOTO_A,3,46,142.0,270.0,44.663,4,2026-07-21 15:00:00
LOT-007,LOT-007-W01,PHOTO_A,3,10,45.0,270.0,44.494,1,2026-07-22 15:00:00
LOT-001,LOT-001-W05,PHOTO_A,15,12,45.0,330.0,44.266,2,2026-07-20 19:00:00
LOT-003,LOT-003-W03,PHOTO_C,9,20,85.0,210.0,45.744,1,2026-07-21 09:00:00
LOT-003,LOT-003-W03,PHOTO_C,9,22,85.0,270.0,43.503,2,2026-07-21 09:00:00
LOT-006,LOT-006-W03,PHOTO_C,9,44,142.0,210.0,41.849,6,2026-07-22 09:00:00
LOT-011,LOT-011-W02,PHOTO_B,6,27,120.0,60.0,45.201,1,2026-07-24 00:00:00
LOT-008,LOT-008-W01,PHOTO_B,3,33,120.0,240.0,44.022,1,2026-07-22 23:00:00
LOT-002,LOT-002-W04,PHOTO_B,12,47,142.0,300.0,45.592,1,2026-07-21 02:00:00
LOT-003,LOT-003-W01,PHOTO_C,3,44,142.0,210.0,44.292,3,2026-07-21 07:00:00
LOT-003,LOT-003-W02,PHOTO_C,6,9,45.0,240.0,45.376,1,2026-07-21 08:00:00
LOT-001,LOT-001-W01,PHOTO_A,3,39,142.0,60.0,44.935,0,2026-07-20 15:00:00
LOT-012,LOT-012-W03,PHOTO_C,9,20,85.0,210.0,45.111,0,2026-07-24 09:00:00
LOT-005,LOT-005-W05,PHOTO_B,15,18,85.0,150.0,,3,2026-07-22 03:00:00
LOT-004,LOT-004-W01,PHOTO_A,3,29,120.0,120.0,43.818,0,2026-07-21 15:00:00
LOT-002,LOT-002-W05,PHOTO_B,15,34,120.0,270.0,46.271,0,2026-07-21 03:00:00
LOT-011,LOT-011-W03,PHOTO_B,9,43,142.0,180.0,45.543,1,2026-07-24 01:00:00
LOT-006,LOT-006-W02,PHOTO_C,6,38,142.0,30.0,41.488,6,2026-07-22 08:00:00
LOT-008,LOT-008-W05,PHOTO_B,15,37,142.0,0.0,44.927,3,2026-07-23 03:00:00
LOT-008,LOT-008-W05,PHOTO_B,15,1,45.0,0.0,44.964,3,2026-07-23 03:00:00
LOT-001,LOT-001-W03,PHOTO_A,9,36,120.0,330.0,43.861,1,2026-07-20 17:00:00
LOT-008,LOT-008-W03,PHOTO_B,9,15,85.0,60.0,45.941,2,2026-07-23 01:00:00
LOT-001,LOT-001-W05,PHOTO_A,15,40,142.0,90.0,44.728,4,2026-07-20 19:00:00
LOT-012,LOT-012-W04,PHOTO_C,12,9,45.0,240.0,44.926,3,2026-07-24 10:00:00
LOT-011,LOT-011-W04,PHOTO_B,12,38,142.0,30.0,46.382,0,2026-07-24 02:00:00
LOT-011,LOT-011-W05,PHOTO_B,15,14,85.0,30.0,45.913,0,2026-07-24 03:00:00
LOT-005,LOT-005-W02,PHOTO_B,6,32,120.0,210.0,45.127,2,2026-07-22 00:00:00
LOT-009,LOT-009-W01,PHOTO_C,3,15,85.0,60.0,45.392,0,2026-07-23 07:00:00
LOT-008,LOT-008-W01,PHOTO_B,3,5,45.0,120.0,45.54,2,2026-07-22 23:00:00
LOT-011,LOT-011-W05,PHOTO_B,15,23,85.0,300.0,46.023,1,2026-07-24 03:00:00
LOT-011,LOT-011-W03,PHOTO_B,9,0,0.0,0.0,46.722,0,2026-07-24 01:00:00
LOT-002,LOT-002-W04,PHOTO_B,12,41,142.0,120.0,45.242,2,2026-07-21 02:00:00
LOT-011,LOT-011-W02,PHOTO_B,6,19,85.0,180.0,45.907,0,2026-07-24 00:00:00
LOT-002,LOT-002-W02,PHOTO_B,6,41,142.0,120.0,44.844,3,2026-07-21 00:00:00
LOT-001,LOT-001-W04,PHOTO_A,12,26,120.0,30.0,44.636,2,2026-07-20 18:00:00
LOT-012,LOT-012-W04,PHOTO_C,12,10,45.0,270.0,44.641,2,2026-07-24 10:00:00
LOT-006,LOT-006-W03,PHOTO_C,9,21,85.0,240.0,44.766,1,2026-07-22 09:00:00
LOT-002,LOT-002-W02,PHOTO_B,6,37,142.0,0.0,46.112,3,2026-07-21 00:00:00
LOT-009,LOT-009-W01,PHOTO_C,3,5,45.0,120.0,44.668,2,2026-07-23 07:00:00
LOT-007,LOT-007-W04,PHOTO_A,12,40,142.0,90.0,44.848,2,2026-07-22 18:00:00
LOT-002,LOT-002-W04,PHOTO_B,12,12,45.0,330.0,45.416,1,2026-07-21 02:00:00
LOT-006,LOT-006-W04,PHOTO_C,12,24,85.0,330.0,44.399,0,2026-07-22 10:00:00
LOT-001,LOT-001-W03,PHOTO_A,9,16,85.0,90.0,45.314,2,2026-07-20 17:00:00
LOT-012,LOT-012-W03,PHOTO_C,9,40,142.0,90.0,41.157,6,2026-07-24 09:00:00
LOT-009,LOT-009-W04,PHOTO_C,12,27,120.0,60.0,42.355,6,2026-07-23 10:00:00
LOT-005,LOT-005-W03,PHOTO_B,9,14,85.0,30.0,45.629,1,2026-07-22 01:00:00
LOT-006,LOT-006-W02,PHOTO_C,6,24,85.0,330.0,44.775,0,2026-07-22 08:00:00
LOT-001,LOT-001-W02,PHOTO_A,6,7,45.0,180.0,45.667,1,2026-07-20 16:00:00
LOT-006,LOT-006-W04,PHOTO_C,12,18,85.0,150.0,45.185,0,2026-07-22 10:00:00
LOT-001,LOT-001-W04,PHOTO_A,12,17,85.0,120.0,44.789,3,2026-07-20 18:00:00
LOT-003,LOT-003-W05,PHOTO_C,15,1,45.0,0.0,45.392,3,2026-07-21 11:00:00
LOT-002,LOT-002-W03,PHOTO_B,9,48,142.0,330.0,44.893,0,2026-07-21 01:00:00
LOT-006,LOT-006-W03,PHOTO_C,9,45,142.0,240.0,41.574,5,2026-07-22 09:00:00
LOT-004,LOT-004-W04,PHOTO_A,12,4,45.0,90.0,44.324,2,2026-07-21 18:00:00
LOT-009,LOT-009-W05,PHOTO_C,15,4,45.0,90.0,44.854,3,2026-07-23 11:00:00
LOT-008,LOT-008-W01,PHOTO_B,3,8,45.0,210.0,45.888,2,2026-07-22 23:00:00
LOT-002,LOT-002-W03,PHOTO_B,9,6,45.0,150.0,45.939,3,2026-07-21 01:00:00
LOT-003,LOT-003-W05,PHOTO_C,15,27,120.0,60.0,44.271,1,2026-07-21 11:00:00
LOT-004,LOT-004-W01,PHOTO_A,3,23,85.0,300.0,44.043,3,2026-07-21 15:00:00
LOT-001,LOT-001-W03,PHOTO_A,9,19,85.0,180.0,44.533,4,2026-07-20 17:00:00
LOT-010,LOT-010-W03,PHOTO_A,9,3,45.0,60.0,44.416,3,2026-07-23 17:00:00
LOT-012,LOT-012-W05,PHOTO_C,15,45,142.0,240.0,41.437,4,2026-07-24 11:00:00
LOT-001,LOT-001-W02,PHOTO_A,6,22,85.0,270.0,44.854,3,2026-07-20 16:00:00
LOT-001,LOT-001-W04,PHOTO_A,12,31,120.0,180.0,45.275,3,2026-07-20 18:00:00
LOT-004,LOT-004-W04,PHOTO_A,12,18,85.0,150.0,44.925,1,2026-07-21 18:00:00
LOT-012,LOT-012-W04,PHOTO_C,12,16,85.0,90.0,44.447,1,2026-07-24 10:00:00
LOT-011,LOT-011-W05,PHOTO_B,15,36,120.0,330.0,,1,2026-07-24 03:00:00
LOT-012,LOT-012-W01,PHOTO_C,3,28,120.0,90.0,40.408,0,2026-07-24 07:00:00
LOT-007,LOT-007-W03,PHOTO_A,9,2,45.0,30.0,43.957,4,2026-07-22 17:00:00
LOT-006,LOT-006-W02,PHOTO_C,6,25,120.0,0.0,39.902,3,2026-07-22 08:00:00
LOT-001,LOT-001-W04,PHOTO_A,12,20,85.0,210.0,45.108,1,2026-07-20 18:00:00
LOT-008,LOT-008-W04,PHOTO_B,12,19,85.0,180.0,45.294,2,2026-07-23 02:00:00
LOT-011,LOT-011-W03,PHOTO_B,9,42,142.0,150.0,44.918,0,2026-07-24 01:00:00
LOT-006,LOT-006-W03,PHOTO_C,9,37,142.0,0.0,41.211,8,2026-07-22 09:00:00
LOT-005,LOT-005-W02,PHOTO_B,6,35,120.0,300.0,45.817,0,2026-07-22 00:00:00
LOT-006,LOT-006-W01,PHOTO_C,3,32,120.0,210.0,41.683,7,2026-07-22 07:00:00
LOT-007,LOT-007-W05,PHOTO_A,15,37,142.0,0.0,,1,2026-07-22 19:00:00
LOT-009,LOT-009-W03,PHOTO_C,9,2,45.0,30.0,45.599,0,2026-07-23 09:00:00
LOT-007,LOT-007-W04,PHOTO_A,12,26,120.0,30.0,44.22,3,2026-07-22 18:00:00
LOT-005,LOT-005-W04,PHOTO_B,12,3,45.0,60.0,45.988,4,2026-07-22 02:00:00
LOT-004,LOT-004-W03,PHOTO_A,9,20,85.0,210.0,44.631,0,2026-07-21 17:00:00
LOT-007,LOT-007-W03,PHOTO_A,9,36,120.0,330.0,45.564,1,2026-07-22 17:00:00
LOT-012,LOT-012-W01,PHOTO_C,3,48,142.0,330.0,40.964,6,2026-07-24 07:00:00
LOT-002,LOT-002-W02,PHOTO_B,6,13,85.0,0.0,45.672,2,2026-07-21 00:00:00
LOT-007,LOT-007-W03,PHOTO_A,9,12,45.0,330.0,45.268,0,2026-07-22 17:00:00
LOT-008,LOT-008-W05,PHOTO_B,15,30,120.0,150.0,46.032,1,2026-07-23 03:00:00
LOT-007,LOT-007-W05,PHOTO_A,15,21,85.0,240.0,44.045,0,2026-07-22 19:00:00
LOT-008,LOT-008-W02,PHOTO_B,6,13,85.0,0.0,44.928,4,2026-07-23 00:00:00
LOT-002,LOT-002-W05,PHOTO_B,15,43,142.0,180.0,44.971,2,2026-07-21 03:00:00
LOT-006,LOT-006-W04,PHOTO_C,12,5,45.0,120.0,43.52,1,2026-07-22 10:00:00
LOT-008,LOT-008-W04,PHOTO_B,12,32,120.0,210.0,45.182,4,2026-07-23 02:00:00
LOT-008,LOT-008-W05,PHOTO_B,15,43,142.0,180.0,45.618,2,2026-07-23 03:00:00
LOT-010,LOT-010-W04,PHOTO_A,12,6,45.0,150.0,45.979,4,2026-07-23 18:00:00
LOT-001,LOT-001-W04,PHOTO_A,12,15,85.0,60.0,43.636,1,2026-07-20 18:00:00
LOT-007,LOT-007-W01,PHOTO_A,3,37,142.0,0.0,44.999,3,2026-07-22 15:00:00
LOT-003,LOT-003-W03,PHOTO_C,9,36,120.0,330.0,44.087,3,2026-07-21 09:00:00
LOT-007,LOT-007-W01,PHOTO_A,3,1,45.0,0.0,44.7,2,2026-07-22 15:00:00
LOT-006,LOT-006-W02,PHOTO_C,6,3,45.0,60.0,45.633,3,2026-07-22 08:00:00
LOT-012,LOT-012-W02,PHOTO_C,6,22,85.0,270.0,43.931,1,2026-07-24 08:00:00
LOT-010,LOT-010-W01,PHOTO_A,3,40,142.0,90.0,45.1,2,2026-07-23 15:00:00
LOT-009,LOT-009-W03,PHOTO_C,9,19,85.0,180.0,43.773,1,2026-07-23 09:00:00
LOT-005,LOT-005-W04,PHOTO_B,12,2,45.0,30.0,45.582,2,2026-07-22 02:00:00
LOT-005,LOT-005-W04,PHOTO_B,12,44,142.0,210.0,45.339,4,2026-07-22 02:00:00
LOT-009,LOT-009-W05,PHOTO_C,15,12,45.0,330.0,44.784,2,2026-07-23 11:00:00
LOT-008,LOT-008-W03,PHOTO_B,9,34,120.0,270.0,45.743,2,2026-07-23 01:00:00
LOT-005,LOT-005-W03,PHOTO_B,9,4,45.0,90.0,46.536,2,2026-07-22 01:00:00
LOT-009,LOT-009-W05,PHOTO_C,15,44,142.0,210.0,,6,2026-07-23 11:00:00
LOT-001,LOT-001-W03,PHOTO_A,9,6,45.0,150.0,44.597,2,2026-07-20 17:00:00
LOT-005,LOT-005-W02,PHOTO_B,6,7,45.0,180.0,45.135,0,2026-07-22 00:00:00
LOT-005,LOT-005-W03,PHOTO_B,9,38,142.0,30.0,45.979,4,2026-07-22 01:00:00
LOT-010,LOT-010-W03,PHOTO_A,9,24,85.0,330.0,44.6,2,2026-07-23 17:00:00
LOT-009,LOT-009-W01,PHOTO_C,3,40,142.0,90.0,41.03,10,2026-07-23 07:00:00
LOT-012,LOT-012-W02,PHOTO_C,6,9,45.0,240.0,44.513,2,2026-07-24 08:00:00
LOT-010,LOT-010-W05,PHOTO_A,15,42,142.0,150.0,,2,2026-07-23 19:00:00
LOT-002,LOT-002-W05,PHOTO_B,15,12,45.0,330.0,45.757,0,2026-07-21 03:00:00
LOT-007,LOT-007-W04,PHOTO_A,12,41,142.0,120.0,44.207,1,2026-07-22 18:00:00
LOT-005,LOT-005-W05,PHOTO_B,15,38,142.0,30.0,45.124,4,2026-07-22 03:00:00
LOT-011,LOT-011-W02,PHOTO_B,6,12,45.0,330.0,44.86,6,2026-07-24 00:00:00
LOT-010,LOT-010-W03,PHOTO_A,9,27,120.0,60.0,45.081,2,2026-07-23 17:00:00
LOT-003,LOT-003-W01,PHOTO_C,3,10,45.0,270.0,45.556,0,2026-07-21 07:00:00
LOT-006,LOT-006-W05,PHOTO_C,15,46,142.0,270.0,41.824,2,2026-07-22 11:00:00
LOT-012,LOT-012-W03,PHOTO_C,9,16,85.0,90.0,44.614,3,2026-07-24 09:00:00
LOT-012,LOT-012-W02,PHOTO_C,6,24,85.0,330.0,45.184,2,2026-07-24 08:00:00
LOT-009,LOT-009-W03,PHOTO_C,9,13,85.0,0.0,44.792,0,2026-07-23 09:00:00
LOT-002,LOT-002-W05,PHOTO_B,15,19,85.0,180.0,45.172,2,2026-07-21 03:00:00
LOT-001,LOT-001-W02,PHOTO_A,6,15,85.0,60.0,44.713,0,2026-07-20 16:00:00
LOT-012,LOT-012-W03,PHOTO_C,9,9,45.0,240.0,44.724,1,2026-07-24 09:00:00
LOT-007,LOT-007-W05,PHOTO_A,15,30,120.0,150.0,44.326,3,2026-07-22 19:00:00
LOT-009,LOT-009-W04,PHOTO_C,12,34,120.0,270.0,42.126,9,2026-07-23 10:00:00
LOT-009,LOT-009-W02,PHOTO_C,6,23,85.0,300.0,43.716,1,2026-07-23 08:00:00
LOT-007,LOT-007-W03,PHOTO_A,9,23,85.0,300.0,44.257,1,2026-07-22 17:00:00
LOT-007,LOT-007-W05,PHOTO_A,15,31,120.0,180.0,44.27,1,2026-07-22 19:00:00
LOT-004,LOT-004-W01,PHOTO_A,3,13,85.0,0.0,44.82,3,2026-07-21 15:00:00
LOT-004,LOT-004-W05,PHOTO_A,15,25,120.0,0.0,44.561,0,2026-07-21 19:00:00
LOT-007,LOT-007-W03,PHOTO_A,9,47,142.0,300.0,44.181,2,2026-07-22 17:00:00
LOT-007,LOT-007-W02,PHOTO_A,6,20,85.0,210.0,44.242,4,2026-07-22 16:00:00
LOT-002,LOT-002-W01,PHOTO_B,3,9,45.0,240.0,44.921,1,2026-07-20 23:00:00
LOT-007,LOT-007-W03,PHOTO_A,9,37,142.0,0.0,44.135,2,2026-07-22 17:00:00
LOT-008,LOT-008-W05,PHOTO_B,15,44,142.0,210.0,44.522,1,2026-07-23 03:00:00
LOT-003,LOT-003-W01,PHOTO_C,3,26,120.0,30.0,45.16,0,2026-07-21 07:00:00
LOT-004,LOT-004-W05,PHOTO_A,15,11,45.0,300.0,44.321,1,2026-07-21 19:00:00
LOT-008,LOT-008-W01,PHOTO_B,3,20,85.0,210.0,44.623,3,2026-07-22 23:00:00
LOT-006,LOT-006-W02,PHOTO_C,6,21,85.0,240.0,45.038,2,2026-07-22 08:00:00
LOT-010,LOT-010-W01,PHOTO_A,3,33,120.0,240.0,43.818,2,2026-07-23 15:00:00
LOT-004,LOT-004-W05,PHOTO_A,15,34,120.0,270.0,44.637,0,2026-07-21 19:00:00
LOT-005,LOT-005-W05,PHOTO_B,15,22,85.0,270.0,44.53,2,2026-07-22 03:00:00
LOT-001,LOT-001-W02,PHOTO_A,6,24,85.0,330.0,44.397,1,2026-07-20 16:00:00
LOT-010,LOT-010-W03,PHOTO_A,9,33,120.0,240.0,45.25,1,2026-07-23 17:00:00
LOT-006,LOT-006-W05,PHOTO_C,15,37,142.0,0.0,,11,2026-07-22 11:00:00
LOT-001,LOT-001-W01,PHOTO_A,3,34,120.0,270.0,44.633,3,2026-07-20 15:00:00
LOT-008,LOT-008-W02,PHOTO_B,6,7,45.0,180.0,45.895,2,2026-07-23 00:00:00
LOT-011,LOT-011-W05,PHOTO_B,15,38,142.0,30.0,46.132,2,2026-07-24 03:00:00
LOT-004,LOT-004-W02,PHOTO_A,6,18,85.0,150.0,44.938,2,2026-07-21 16:00:00
LOT-009,LOT-009-W01,PHOTO_C,3,0,0.0,0.0,45.381,3,2026-07-23 07:00:00
LOT-004,LOT-004-W05,PHOTO_A,15,32,120.0,210.0,44.317,3,2026-07-21 19:00:00
LOT-009,LOT-009-W05,PHOTO_C,15,24,85.0,330.0,,0,2026-07-23 11:00:00
LOT-012,LOT-012-W04,PHOTO_C,12,37,142.0,0.0,41.878,9,2026-07-24 10:00:00
LOT-012,LOT-012-W05,PHOTO_C,15,15,85.0,60.0,45.371,0,2026-07-24 11:00:00
LOT-002,LOT-002-W03,PHOTO_B,9,17,85.0,120.0,46.084,3,2026-07-21 01:00:00
LOT-010,LOT-010-W05,PHOTO_A,15,38,142.0,30.0,0.044879,2,2026-07-23 19:00:00
LOT-008,LOT-008-W04,PHOTO_B,12,13,85.0,0.0,44.705,0,2026-07-23 02:00:00
LOT-012,LOT-012-W03,PHOTO_C,9,5,45.0,120.0,0.043927,2,2026-07-24 09:00:00
LOT-012,LOT-012-W05,PHOTO_C,15,19,85.0,180.0,,2,2026-07-24 11:00:00
LOT-005,LOT-005-W01,PHOTO_B,3,29,120.0,120.0,45.202,2,2026-07-21 23:00:00
LOT-007,LOT-007-W05,PHOTO_A,15,8,45.0,210.0,45.271,3,2026-07-22 19:00:00
LOT-007,LOT-007-W03,PHOTO_A,9,29,120.0,120.0,44.089,1,2026-07-22 17:00:00
LOT-009,LOT-009-W02,PHOTO_C,6,30,120.0,150.0,41.618,5,2026-07-23 08:00:00
LOT-009,LOT-009-W04,PHOTO_C,12,9,45.0,240.0,44.718,1,2026-07-23 10:00:00
LOT-012,LOT-012-W04,PHOTO_C,12,38,142.0,30.0,41.234,8,2026-07-24 10:00:00
LOT-001,LOT-001-W05,PHOTO_A,15,26,120.0,30.0,44.507,3,2026-07-20 19:00:00
LOT-012,LOT-012-W01,PHOTO_C,3,5,45.0,120.0,45.343,2,2026-07-24 07:00:00
LOT-007,LOT-007-W03,PHOTO_A,9,46,142.0,270.0,44.637,3,2026-07-22 17:00:00
LOT-012,LOT-012-W05,PHOTO_C,15,3,45.0,60.0,44.854,1,2026-07-24 11:00:00
LOT-003,LOT-003-W01,PHOTO_C,3,21,85.0,240.0,44.978,3,2026-07-21 07:00:00
LOT-008,LOT-008-W01,PHOTO_B,3,3,45.0,60.0,45.592,4,2026-07-22 23:00:00
LOT-005,LOT-005-W04,PHOTO_B,12,45,142.0,240.0,45.663,1,2026-07-22 02:00:00
LOT-006,LOT-006-W03,PHOTO_C,9,22,85.0,270.0,44.799,3,2026-07-22 09:00:00
LOT-003,LOT-003-W05,PHOTO_C,15,25,120.0,0.0,,4,2026-07-21 11:00:00
LOT-012,LOT-012-W04,PHOTO_C,12,25,120.0,0.0,43.296,15,2026-07-24 10:00:00
LOT-010,LOT-010-W02,PHOTO_A,6,31,120.0,180.0,44.427,2,2026-07-23 16:00:00
LOT-011,LOT-011-W04,PHOTO_B,12,19,85.0,180.0,45.773,0,2026-07-24 02:00:00
LOT-008,LOT-008-W04,PHOTO_B,12,1,45.0,0.0,44.647,0,2026-07-23 02:00:00
LOT-002,LOT-002-W04,PHOTO_B,12,26,120.0,30.0,45.929,0,2026-07-21 02:00:00
LOT-004,LOT-004-W04,PHOTO_A,12,13,85.0,0.0,45.725,0,2026-07-21 18:00:00
LOT-004,LOT-004-W04,PHOTO_A,12,25,120.0,0.0,45.113,1,2026-07-21 18:00:00
LOT-009,LOT-009-W01,PHOTO_C,3,9,45.0,240.0,44.751,2,2026-07-23 07:00:00
LOT-006,LOT-006-W02,PHOTO_C,6,5,45.0,120.0,44.281,3,2026-07-22 08:00:00
LOT-009,LOT-009-W01,PHOTO_C,3,14,85.0,30.0,44.019,1,2026-07-23 07:00:00
LOT-001,LOT-001-W02,PHOTO_A,6,3,45.0,60.0,44.428,3,2026-07-20 16:00:00
LOT-001,LOT-001-W05,PHOTO_A,15,41,142.0,120.0,43.789,4,2026-07-20 19:00:00
LOT-010,LOT-010-W02,PHOTO_A,6,48,142.0,330.0,44.547,3,2026-07-23 16:00:00
LOT-001,LOT-001-W01,PHOTO_A,3,21,85.0,240.0,45.365,0,2026-07-20 15:00:00
LOT-009,LOT-009-W03,PHOTO_C,9,20,85.0,210.0,44.478,2,2026-07-23 09:00:00
LOT-009,LOT-009-W02,PHOTO_C,6,4,45.0,90.0,44.103,1,2026-07-23 08:00:00
LOT-002,LOT-002-W01,PHOTO_B,3,12,45.0,330.0,45.609,0,2026-07-20 23:00:00
LOT-001,LOT-001-W04,PHOTO_A,12,16,85.0,90.0,44.254,0,2026-07-20 18:00:00
LOT-011,LOT-011-W03,PHOTO_B,9,34,120.0,270.0,44.993,2,2026-07-24 01:00:00
LOT-012,LOT-012-W04,PHOTO_C,12,6,45.0,150.0,44.842,1,2026-07-24 10:00:00
LOT-001,LOT-001-W03,PHOTO_A,9,46,142.0,270.0,43.741,3,2026-07-20 17:00:00
LOT-011,LOT-011-W04,PHOTO_B,12,2,45.0,30.0,0.044677,1,2026-07-24 02:00:00
LOT-012,LOT-012-W01,PHOTO_C,3,19,85.0,180.0,44.408,2,2026-07-24 07:00:00
LOT-010,LOT-010-W04,PHOTO_A,12,11,45.0,300.0,44.486,4,2026-07-23 18:00:00
LOT-003,LOT-003-W01,PHOTO_C,3,25,120.0,0.0,44.881,1,2026-07-21 07:00:00
LOT-006,LOT-006-W04,PHOTO_C,12,8,45.0,210.0,45.327,3,2026-07-22 10:00:00
LOT-011,LOT-011-W05,PHOTO_B,15,25,120.0,0.0,45.115,0,2026-07-24 03:00:00
LOT-003,LOT-003-W01,PHOTO_C,3,7,45.0,180.0,45.086,2,2026-07-21 07:00:00
LOT-004,LOT-004-W03,PHOTO_A,9,12,45.0,330.0,43.28,0,2026-07-21 17:00:00
LOT-009,LOT-009-W03,PHOTO_C,9,30,120.0,150.0,42.242,10,2026-07-23 09:00:00
LOT-007,LOT-007-W02,PHOTO_A,6,6,45.0,150.0,46.386,2,2026-07-22 16:00:00
LOT-007,LOT-007-W04,PHOTO_A,12,47,142.0,300.0,44.49,0,2026-07-22 18:00:00
LOT-005,LOT-005-W05,PHOTO_B,15,10,45.0,270.0,45.212,3,2026-07-22 03:00:00
LOT-003,LOT-003-W04,PHOTO_C,12,35,120.0,300.0,45.024,2,2026-07-21 10:00:00
LOT-002,LOT-002-W04,PHOTO_B,12,15,85.0,60.0,44.587,1,2026-07-21 02:00:00
LOT-009,LOT-009-W04,PHOTO_C,12,12,45.0,330.0,44.36,1,2026-07-23 10:00:00
LOT-005,LOT-005-W01,PHOTO_B,3,27,120.0,60.0,45.096,2,2026-07-21 23:00:00
LOT-002,LOT-002-W04,PHOTO_B,12,23,85.0,300.0,44.832,6,2026-07-21 02:00:00
LOT-003,LOT-003-W01,PHOTO_C,3,28,120.0,90.0,44.727,3,2026-07-21 07:00:00
LOT-004,LOT-004-W04,PHOTO_A,12,12,45.0,330.0,44.687,2,2026-07-21 18:00:00
LOT-012,LOT-012-W01,PHOTO_C,3,14,85.0,30.0,44.617,1,2026-07-24 07:00:00
LOT-011,LOT-011-W03,PHOTO_B,9,35,120.0,300.0,44.393,1,2026-07-24 01:00:00
LOT-011,LOT-011-W05,PHOTO_B,15,45,142.0,240.0,45.112,1,2026-07-24 03:00:00
LOT-003,LOT-003-W05,PHOTO_C,15,14,85.0,30.0,45.726,2,2026-07-21 11:00:00
LOT-002,LOT-002-W02,PHOTO_B,6,29,120.0,120.0,44.616,2,2026-07-21 00:00:00
LOT-007,LOT-007-W03,PHOTO_A,9,25,120.0,0.0,45.142,0,2026-07-22 17:00:00
LOT-004,LOT-004-W05,PHOTO_A,15,15,85.0,60.0,44.65,2,2026-07-21 19:00:00
LOT-007,LOT-007-W01,PHOTO_A,3,26,120.0,30.0,43.718,2,2026-07-22 15:00:00
LOT-007,LOT-007-W02,PHOTO_A,6,48,142.0,330.0,45.492,2,2026-07-22 16:00:00
LOT-003,LOT-003-W04,PHOTO_C,12,41,142.0,120.0,44.881,4,2026-07-21 10:00:00
LOT-008,LOT-008-W04,PHOTO_B,12,41,142.0,120.0,44.453,0,2026-07-23 02:00:00
LOT-011,LOT-011-W05,PHOTO_B,15,6,45.0,150.0,45.056,0,2026-07-24 03:00:00
LOT-012,LOT-012-W04,PHOTO_C,12,46,142.0,270.0,41.184,9,2026-07-24 10:00:00
LOT-006,LOT-006-W05,PHOTO_C,15,47,142.0,300.0,,12,2026-07-22 11:00:00
LOT-007,LOT-007-W04,PHOTO_A,12,23,85.0,300.0,45.3,1,2026-07-22 18:00:00
LOT-011,LOT-011-W05,PHOTO_B,15,42,142.0,150.0,,3,2026-07-24 03:00:00
LOT-012,LOT-012-W01,PHOTO_C,3,43,142.0,180.0,40.697,11,2026-07-24 07:00:00
LOT-008,LOT-008-W05,PHOTO_B,15,4,45.0,90.0,45.297,2,2026-07-23 03:00:00
LOT-006,LOT-006-W05,PHOTO_C,15,19,85.0,180.0,,2,2026-07-22 11:00:00
LOT-008,LOT-008-W01,PHOTO_B,3,12,45.0,330.0,45.683,1,2026-07-22 23:00:00
LOT-004,LOT-004-W04,PHOTO_A,12,3,45.0,60.0,44.64,1,2026-07-21 18:00:00
LOT-009,LOT-009-W02,PHOTO_C,6,29,120.0,120.0,42.082,12,2026-07-23 08:00:00
LOT-001,LOT-001-W04,PHOTO_A,12,37,142.0,0.0,44.28,1,2026-07-20 18:00:00
LOT-011,LOT-011-W03,PHOTO_B,9,37,142.0,0.0,45.432,3,2026-07-24 01:00:00
LOT-008,LOT-008-W05,PHOTO_B,15,7,45.0,180.0,45.298,1,2026-07-23 03:00:00
LOT-005,LOT-005-W04,PHOTO_B,12,21,85.0,240.0,45.512,3,2026-07-22 02:00:00
LOT-007,LOT-007-W04,PHOTO_A,12,21,85.0,240.0,45.142,2,2026-07-22 18:00:00
LOT-012,LOT-012-W04,PHOTO_C,12,31,120.0,180.0,41.582,10,2026-07-24 10:00:00
LOT-008,LOT-008-W03,PHOTO_B,9,27,120.0,60.0,45.623,3,2026-07-23 01:00:00
LOT-006,LOT-006-W03,PHOTO_C,9,31,120.0,180.0,40.694,5,2026-07-22 09:00:00
LOT-010,LOT-010-W04,PHOTO_A,12,26,120.0,30.0,44.548,2,2026-07-23 18:00:00
LOT-006,LOT-006-W03,PHOTO_C,9,48,142.0,330.0,40.446,7,2026-07-22 09:00:00
LOT-002,LOT-002-W02,PHOTO_B,6,22,85.0,270.0,45.412,1,2026-07-21 00:00:00
LOT-003,LOT-003-W03,PHOTO_C,9,1,45.0,0.0,44.349,3,2026-07-21 09:00:00
LOT-009,LOT-009-W01,PHOTO_C,3,4,45.0,90.0,44.847,0,2026-07-23 07:00:00
LOT-004,LOT-004-W03,PHOTO_A,9,9,45.0,240.0,44.288,1,2026-07-21 17:00:00
LOT-003,LOT-003-W04,PHOTO_C,12,19,85.0,180.0,45.434,2,2026-07-21 10:00:00
LOT-005,LOT-005-W04,PHOTO_B,12,29,120.0,120.0,45.916,3,2026-07-22 02:00:00
LOT-006,LOT-006-W05,PHOTO_C,15,41,142.0,120.0,,6,2026-07-22 11:00:00
LOT-001,LOT-001-W05,PHOTO_A,15,5,45.0,120.0,44.266,3,2026-07-20 19:00:00
LOT-011,LOT-011-W02,PHOTO_B,6,42,142.0,150.0,45.404,1,2026-07-24 00:00:00
LOT-005,LOT-005-W02,PHOTO_B,6,28,120.0,90.0,44.738,1,2026-07-22 00:00:00
LOT-012,LOT-012-W05,PHOTO_C,15,46,142.0,270.0,,11,2026-07-24 11:00:00
LOT-011,LOT-011-W03,PHOTO_B,9,4,45.0,90.0,45.352,3,2026-07-24 01:00:00
LOT-010,LOT-010-W05,PHOTO_A,15,7,45.0,180.0,44.273,0,2026-07-23 19:00:00
LOT-005,LOT-005-W03,PHOTO_B,9,40,142.0,90.0,45.619,3,2026-07-22 01:00:00
LOT-009,LOT-009-W04,PHOTO_C,12,10,45.0,270.0,44.42,1,2026-07-23 10:00:00
LOT-006,LOT-006-W03,PHOTO_C,9,4,45.0,90.0,44.173,2,2026-07-22 09:00:00
LOT-005,LOT-005-W01,PHOTO_B,3,1,45.0,0.0,44.191,0,2026-07-21 23:00:00
LOT-003,LOT-003-W01,PHOTO_C,3,38,142.0,30.0,45.596,0,2026-07-21 07:00:00
LOT-010,LOT-010-W03,PHOTO_A,9,44,142.0,210.0,44.785,0,2026-07-23 17:00:00
LOT-011,LOT-011-W05,PHOTO_B,15,47,142.0,300.0,44.868,1,2026-07-24 03:00:00
LOT-005,LOT-005-W04,PHOTO_B,12,13,85.0,0.0,45.886,1,2026-07-22 02:00:00
LOT-001,LOT-001-W02,PHOTO_A,6,47,142.0,300.0,44.165,2,2026-07-20 16:00:00
LOT-004,LOT-004-W03,PHOTO_A,9,35,120.0,300.0,45.296,2,2026-07-21 17:00:00
LOT-002,LOT-002-W04,PHOTO_B,12,33,120.0,240.0,45.33,3,2026-07-21 02:00:00
LOT-003,LOT-003-W02,PHOTO_C,6,12,45.0,330.0,44.409,0,2026-07-21 08:00:00
LOT-003,LOT-003-W05,PHOTO_C,15,4,45.0,90.0,44.559,3,2026-07-21 11:00:00
LOT-008,LOT-008-W02,PHOTO_B,6,35,120.0,300.0,44.579,0,2026-07-23 00:00:00
LOT-004,LOT-004-W02,PHOTO_A,6,11,45.0,300.0,45.232,0,2026-07-21 16:00:00
LOT-008,LOT-008-W05,PHOTO_B,15,8,45.0,210.0,45.666,6,2026-07-23 03:00:00
LOT-005,LOT-005-W04,PHOTO_B,12,1,45.0,0.0,44.759,2,2026-07-22 02:00:00
LOT-001,LOT-001-W03,PHOTO_A,9,23,85.0,300.0,44.193,3,2026-07-20 17:00:00
LOT-004,LOT-004-W02,PHOTO_A,6,14,85.0,30.0,45.091,0,2026-07-21 16:00:00
LOT-001,LOT-001-W03,PHOTO_A,9,8,45.0,210.0,45.284,3,2026-07-20 17:00:00
LOT-004,LOT-004-W04,PHOTO_A,12,32,120.0,210.0,45.535,0,2026-07-21 18:00:00
LOT-003,LOT-003-W02,PHOTO_C,6,23,85.0,300.0,44.221,1,2026-07-21 08:00:00
LOT-006,LOT-006-W01,PHOTO_C,3,8,45.0,210.0,44.76,3,2026-07-22 07:00:00
LOT-004,LOT-004-W01,PHOTO_A,3,36,120.0,330.0,44.664,3,2026-07-21 15:00:00
LOT-008,LOT-008-W01,PHOTO_B,3,16,85.0,90.0,45.971,1,2026-07-22 23:00:00
LOT-008,LOT-008-W04,PHOTO_B,12,2,45.0,30.0,44.481,1,2026-07-23 02:00:00
LOT-008,LOT-008-W05,PHOTO_B,15,40,142.0,90.0,44.908,4,2026-07-23 03:00:00
LOT-004,LOT-004-W02,PHOTO_A,6,9,45.0,240.0,44.831,1,2026-07-21 16:00:00
LOT-011,LOT-011-W05,PHOTO_B,15,24,85.0,330.0,45.898,1,2026-07-24 03:00:00
LOT-006,LOT-006-W02,PHOTO_C,6,42,142.0,150.0,42.585,4,2026-07-22 08:00:00
LOT-006,LOT-006-W05,PHOTO_C,15,13,85.0,0.0,44.114,0,2026-07-22 11:00:00
LOT-005,LOT-005-W03,PHOTO_B,9,42,142.0,150.0,44.867,1,2026-07-22 01:00:00
LOT-003,LOT-003-W03,PHOTO_C,9,31,120.0,180.0,44.763,2,2026-07-21 09:00:00
LOT-008,LOT-008-W05,PHOTO_B,15,31,120.0,180.0,45.583,1,2026-07-23 03:00:00
LOT-002,LOT-002-W03,PHOTO_B,9,47,142.0,300.0,45.549,0,2026-07-21 01:00:00
LOT-008,LOT-008-W03,PHOTO_B,9,12,45.0,330.0,45.572,4,2026-07-23 01:00:00
LOT-003,LOT-003-W04,PHOTO_C,12,13,85.0,0.0,44.17,1,2026-07-21 10:00:00
LOT-005,LOT-005-W03,PHOTO_B,9,29,120.0,120.0,46.017,2,2026-07-22 01:00:00
LOT-009,LOT-009-W04,PHOTO_C,12,25,120.0,0.0,42.6,8,2026-07-23 10:00:00
